Profile,Player,Position,Season,Games,Goals,Assists,Penalties,Shots,Wins,Losses,Shootouts,Goals_against,Saves,Saves_percentage,Goals_against_average,Shutouts,Icetime,Icetime_seconds
https://en.khl.ru/players/16462/,Maxim Alyapkin,Goalie,Regular season,3,0,0,0,24,1,2,0,5,19,79.2,3.17,0,94:41,5681
https://en.khl.ru/players/16462/,Maxim Alyapkin,Goalie,KHL Total,3,0,0,0,24,1,2,0,5,19,79.2,3.17,0,94:41,5681
https://en.khl.ru/players/16898/,Artyom Artemyev,Goalie,Regular season,8,0,0,0,140,1,2,1,15,125,89.3,2.69,0,335:07,20107
https://en.khl.ru/players/16898/,Artyom Artemyev,Goalie,KHL Total,8,0,0,0,140,1,2,1,15,125,89.3,2.69,0,335:07,20107
https://en.khl.ru/players/14909/,Danila Alistratov,Goalie,Regular season,130,0,2,4,3111,41,54,13,312,2799,90.0,2.89,5,6488:11,389291
https://en.khl.ru/players/14909/,Danila Alistratov,Goalie,Playoffs,6,0,0,0,141,1,4,0,15,126,89.4,3.28,0,274:11,16451
https://en.khl.ru/players/14909/,Danila Alistratov,Goalie,KHL Total,136,0,2,4,3252,42,58,13,327,2925,89.9,2.9,5,6762:22,405742
https://en.khl.ru/players/6237/,Alexei Anisimov,Goalie,Regular season,17,0,0,0,228,0,5,3,33,195,85.5,3.87,0,511:56,30716
https://en.khl.ru/players/6237/,Alexei Anisimov,Goalie,KHL Total,17,0,0,0,228,0,5,3,33,195,85.5,3.87,0,511:56,30716
https://en.khl.ru/players/22425/,Alexei Artamkin,Goalie,Regular season,14,0,1,0,348,0,9,1,36,312,89.7,3.59,0,601:51,36111
https://en.khl.ru/players/22425/,Alexei Artamkin,Goalie,Playoffs,1,0,0,0,3,0,0,0,0,3,100.0,0.0,0,8:19,499
https://en.khl.ru/players/22425/,Alexei Artamkin,Goalie,KHL Total,15,0,1,0,351,0,9,1,36,315,89.7,3.54,0,610:10,36610
https://en.khl.ru/players/29108/,Artur Akhtyamov,Goalie,Regular season,3,0,0,0,52,0,1,1,5,47,90.4,2.9,0,103:25,6205
https://en.khl.ru/players/29108/,Artur Akhtyamov,Goalie,KHL Total,3,0,0,0,52,0,1,1,5,47,90.4,2.9,0,103:25,6205
https://en.khl.ru/players/18767/,Ari Ahonen,Goalie,Regular season,109,0,3,2,3021,59,37,12,247,2774,91.8,2.35,9,6306:11,378371
https://en.khl.ru/players/18767/,Ari Ahonen,Goalie,Playoffs,18,0,0,0,538,7,10,0,45,493,91.6,2.69,1,1003:13,60193
https://en.khl.ru/players/18767/,Ari Ahonen,Goalie,KHL Total,127,0,3,2,3559,66,47,12,292,3267,91.8,2.4,10,7309:24,438564
https://en.khl.ru/players/32975/,Yaroslav Askarov,Goalie,Regular season,10,0,0,2,228,6,4,0,12,216,94.7,1.3,1,555:14,33314
https://en.khl.ru/players/32975/,Yaroslav Askarov,Goalie,KHL Total,10,0,0,2,228,6,4,0,12,216,94.7,1.3,1,555:14,33314
https://en.khl.ru/players/18488/,Evgeny Alikin,Goalie,Regular season,122,0,2,12,3328,37,50,19,255,3073,92.3,2.44,9,6281:48,376908
https://en.khl.ru/players/18488/,Evgeny Alikin,Goalie,KHL Total,122,0,2,12,3328,37,50,19,255,3073,92.3,2.44,9,6281:48,376908
https://en.khl.ru/players/15669/,Ilya Andryukhov,Goalie,Regular season,5,0,0,0,92,0,2,1,6,86,93.5,1.72,0,209:34,12574
https://en.khl.ru/players/15669/,Ilya Andryukhov,Goalie,KHL Total,5,0,0,0,92,0,2,1,6,86,93.5,1.72,0,209:34,12574
https://en.khl.ru/players/24606/,Arseny Akhmetov,Goalie,Regular season,3,0,0,0,41,0,1,0,4,37,90.2,2.46,0,97:40,5860
https://en.khl.ru/players/24606/,Arseny Akhmetov,Goalie,KHL Total,3,0,0,0,41,0,1,0,4,37,90.2,2.46,0,97:40,5860
https://en.khl.ru/players/15517/,Ugis Avotins,Goalie,Regular season,1,0,0,0,0,0,0,0,0,0,,0.0,0,0:13,13
https://en.khl.ru/players/15517/,Ugis Avotins,Goalie,KHL Total,1,0,0,0,0,0,0,0,0,0,,0.0,0,0:13,13
https://en.khl.ru/players/30153/,Mantas Armalis,Goalie,Regular season,12,0,0,0,269,3,5,1,24,245,91.1,2.5,0,576:37,34597
https://en.khl.ru/players/30153/,Mantas Armalis,Goalie,KHL Total,12,0,0,0,269,3,5,1,24,245,91.1,2.5,0,576:37,34597
https://en.khl.ru/players/431/,Sergei Borisov,Goalie,Regular season,154,0,1,36,4380,32,82,22,388,3992,91.1,2.87,4,8116:59,487019
https://en.khl.ru/players/431/,Sergei Borisov,Goalie,KHL Total,154,0,1,36,4380,32,82,22,388,3992,91.1,2.87,4,8116:59,487019
https://en.khl.ru/players/21417/,Barry Brust,Goalie,Regular season,172,0,7,227,4962,72,67,25,393,4569,92.1,2.37,17,9942:12,596532
https://en.khl.ru/players/21417/,Barry Brust,Goalie,Playoffs,13,0,0,6,464,3,10,0,39,425,91.6,2.89,0,810:19,48619
https://en.khl.ru/players/21417/,Barry Brust,Goalie,KHL Total,185,0,7,233,5426,75,77,25,432,4994,92.0,2.41,17,10752:31,645151
https://en.khl.ru/players/15748/,Igor Bobkov,Goalie,Regular season,226,0,4,20,5678,101,83,25,436,5242,92.3,2.09,22,12509:12,750552
https://en.khl.ru/players/15748/,Igor Bobkov,Goalie,Playoffs,40,0,3,2,1043,21,18,0,95,948,90.9,2.37,5,2404:49,144289
https://en.khl.ru/players/15748/,Igor Bobkov,Goalie,KHL Total,266,0,7,22,6721,122,101,25,531,6190,92.1,2.14,27,14914:01,894841
https://en.khl.ru/players/15165/,Georgy Boyarshinov,Goalie,Regular season,7,0,0,0,109,1,2,0,14,95,87.2,3.43,0,245:04,14704
https://en.khl.ru/players/15165/,Georgy Boyarshinov,Goalie,KHL Total,7,0,0,0,109,1,2,0,14,95,87.2,3.43,0,245:04,14704
https://en.khl.ru/players/14641/,Sergei Bobrovsky,Goalie,Regular season,91,0,4,6,2704,33,41,7,203,2501,92.5,2.43,6,5019:45,301185
https://en.khl.ru/players/14641/,Sergei Bobrovsky,Goalie,KHL Total,91,0,4,6,2704,33,41,7,203,2501,92.5,2.43,6,5019:45,301185
https://en.khl.ru/players/19029/,Ivan Bocharov,Goalie,Regular season,139,0,8,4,3702,71,46,10,266,3436,92.8,2.11,16,7569:01,454141
https://en.khl.ru/players/19029/,Ivan Bocharov,Goalie,Playoffs,13,0,0,0,366,5,6,0,26,340,92.9,2.21,1,706:27,42387
https://en.khl.ru/players/19029/,Ivan Bocharov,Goalie,KHL Total,152,0,8,4,4068,76,52,10,292,3776,92.8,2.12,17,8275:28,496528
https://en.khl.ru/players/20895/,Johan Backlund,Goalie,Regular season,52,0,1,0,1375,12,26,8,141,1234,89.7,2.83,2,2987:03,179223
https://en.khl.ru/players/20895/,Johan Backlund,Goalie,KHL Total,52,0,1,0,1375,12,26,8,141,1234,89.7,2.83,2,2987:03,179223
https://en.khl.ru/players/22513/,Mikhail Berdin,Goalie,Regular season,14,0,1,4,376,6,3,2,33,343,91.2,2.51,0,788:31,47311
https://en.khl.ru/players/22513/,Mikhail Berdin,Goalie,KHL Total,14,0,1,4,376,6,3,2,33,343,91.2,2.51,0,788:31,47311
https://en.khl.ru/players/5082/,Ilya Bryzgalov,Goalie,Regular season,12,0,0,0,265,6,5,0,23,242,91.3,2.13,0,646:53,38813
https://en.khl.ru/players/5082/,Ilya Bryzgalov,Goalie,KHL Total,12,0,0,0,265,6,5,0,23,242,91.3,2.13,0,646:53,38813
https://en.khl.ru/players/16159/,Bernd Bruckler,Goalie,Regular season,110,0,6,34,2978,40,53,13,279,2699,90.6,2.7,7,6206:07,372367
https://en.khl.ru/players/16159/,Bernd Bruckler,Goalie,KHL Total,110,0,6,34,2978,40,53,13,279,2699,90.6,2.7,7,6206:07,372367
https://en.khl.ru/players/22542/,Samuel Baros,Goalie,Regular season,1,0,0,0,24,0,1,0,3,21,87.5,3.46,0,51:57,3117
https://en.khl.ru/players/22542/,Samuel Baros,Goalie,KHL Total,1,0,0,0,24,0,1,0,3,21,87.5,3.46,0,51:57,3117
https://en.khl.ru/players/19034/,Timur Bilyalov,Goalie,Regular season,108,0,4,12,2751,54,26,12,188,2563,93.2,1.98,15,5701:29,342089
https://en.khl.ru/players/19034/,Timur Bilyalov,Goalie,Playoffs,15,0,1,0,420,13,2,0,17,403,96.0,1.11,3,917:58,55078
https://en.khl.ru/players/19034/,Timur Bilyalov,Goalie,KHL Total,123,0,5,12,3171,67,28,12,205,2966,93.5,1.86,18,6619:27,397167
https://en.khl.ru/players/15936/,Alexei Berestnev,Goalie,Regular season,1,0,0,0,6,0,0,0,2,4,66.7,30.25,0,3:58,238
https://en.khl.ru/players/15936/,Alexei Berestnev,Goalie,KHL Total,1,0,0,0,6,0,0,0,2,4,66.7,30.25,0,3:58,238
https://en.khl.ru/players/13704/,Nikita V. Bespalov,Goalie,Regular season,177,0,1,18,4318,60,64,29,342,3976,92.1,2.35,18,8742:55,524575
https://en.khl.ru/players/13704/,Nikita V. Bespalov,Goalie,Playoffs,13,0,0,0,331,3,8,0,29,302,91.2,2.93,0,594:32,35672
https://en.khl.ru/players/13704/,Nikita V. Bespalov,Goalie,KHL Total,190,0,1,18,4649,63,72,29,371,4278,92.0,2.38,18,9337:27,560247
https://en.khl.ru/players/33011/,Bruno Bruveris,Goalie,Regular season,2,0,0,0,33,0,1,0,5,28,84.8,4.07,0,73:45,4425
https://en.khl.ru/players/33011/,Bruno Bruveris,Goalie,KHL Total,2,0,0,0,33,0,1,0,5,28,84.8,4.07,0,73:45,4425
https://en.khl.ru/players/14365/,Mikhail Biryukov,Goalie,Regular season,293,0,3,57,7944,97,119,42,684,7260,91.4,2.58,19,15923:17,955397
https://en.khl.ru/players/14365/,Mikhail Biryukov,Goalie,Playoffs,18,0,0,0,404,1,9,0,42,362,89.6,3.31,0,760:45,45645
https://en.khl.ru/players/14365/,Mikhail Biryukov,Goalie,KHL Total,311,0,3,57,8348,98,128,42,726,7622,91.3,2.61,19,16684:02,1001042
https://en.khl.ru/players/19274/,Sergei S. Bolshakov,Goalie,Regular season,3,0,0,0,22,0,0,0,2,20,90.9,1.94,0,61:57,3717
https://en.khl.ru/players/19274/,Sergei S. Bolshakov,Goalie,KHL Total,3,0,0,0,22,0,0,0,2,20,90.9,1.94,0,61:57,3717
https://en.khl.ru/players/17347/,Dmitry Berezin,Goalie,Regular season,1,0,0,2,28,0,0,0,6,22,78.6,9.0,0,40:00,2400
https://en.khl.ru/players/17347/,Dmitry Berezin,Goalie,KHL Total,1,0,0,2,28,0,0,0,6,22,78.6,9.0,0,40:00,2400
https://en.khl.ru/players/7640/,Konstantin Barulin,Goalie,Regular season,513,0,6,237,13901,227,178,78,1083,12818,92.2,2.26,45,28712:15,1722735
https://en.khl.ru/players/7640/,Konstantin Barulin,Goalie,Playoffs,83,0,4,8,2409,31,47,0,190,2219,92.1,2.37,5,4816:41,289001
https://en.khl.ru/players/7640/,Konstantin Barulin,Goalie,KHL Total,596,0,10,245,16310,258,225,78,1273,15037,92.2,2.28,50,33528:56,2011736
https://en.khl.ru/players/24059/,Marek Ciliak,Goalie,Regular season,28,0,0,0,774,6,19,0,83,691,89.3,3.31,0,1505:22,90322
https://en.khl.ru/players/24059/,Marek Ciliak,Goalie,KHL Total,28,0,0,0,774,6,19,0,83,691,89.3,3.31,0,1505:22,90322
https://en.khl.ru/players/15227/,Andy Chiodo,Goalie,Regular season,26,0,0,0,588,5,12,3,76,512,87.1,3.66,1,1244:53,74693
https://en.khl.ru/players/15227/,Andy Chiodo,Goalie,KHL Total,26,0,0,0,588,5,12,3,76,512,87.1,3.66,1,1244:53,74693
https://en.khl.ru/players/15479/,Alexander Cherepenin,Goalie,Regular season,3,0,0,0,31,0,0,0,4,27,87.1,2.67,0,89:46,5386
https://en.khl.ru/players/15479/,Alexander Cherepenin,Goalie,KHL Total,3,0,0,0,31,0,0,0,4,27,87.1,2.67,0,89:46,5386
https://en.khl.ru/players/17168/,Sebastien Caron,Goalie,Regular season,12,0,1,2,300,3,7,0,40,260,86.7,3.66,0,655:26,39326
https://en.khl.ru/players/17168/,Sebastien Caron,Goalie,KHL Total,12,0,1,2,300,3,7,0,40,260,86.7,3.66,0,655:26,39326
https://en.khl.ru/players/23356/,Jeff Deslauriers,Goalie,Regular season,13,0,1,2,339,4,8,1,33,306,90.3,2.66,1,743:08,44588
https://en.khl.ru/players/23356/,Jeff Deslauriers,Goalie,KHL Total,13,0,1,2,339,4,8,1,33,306,90.3,2.66,1,743:08,44588
https://en.khl.ru/players/14808/,Nikita Davydov,Goalie,Regular season,22,0,1,0,576,9,11,2,48,528,91.7,2.48,0,1163:32,69812
https://en.khl.ru/players/14808/,Nikita Davydov,Goalie,KHL Total,22,0,1,0,576,9,11,2,48,528,91.7,2.48,0,1163:32,69812
https://en.khl.ru/players/16184/,Vasily Demchenko,Goalie,Regular season,212,0,1,38,5974,81,86,25,451,5523,92.5,2.37,14,11407:39,684459
https://en.khl.ru/players/16184/,Vasily Demchenko,Goalie,Playoffs,11,0,1,0,337,3,6,0,26,311,92.3,2.67,0,584:57,35097
https://en.khl.ru/players/16184/,Vasily Demchenko,Goalie,KHL Total,223,0,2,38,6311,84,92,25,477,5834,92.4,2.39,14,11992:36,719556
https://en.khl.ru/players/17670/,Tomas Duba,Goalie,Regular season,27,0,1,2,757,5,17,5,82,675,89.2,3.0,1,1640:26,98426
https://en.khl.ru/players/17670/,Tomas Duba,Goalie,KHL Total,27,0,1,2,757,5,17,5,82,675,89.2,3.0,1,1640:26,98426
https://en.khl.ru/players/20928/,Mark Dekanich,Goalie,Regular season,39,0,0,6,1190,11,19,6,104,1086,91.3,2.81,3,2222:02,133322
https://en.khl.ru/players/20928/,Mark Dekanich,Goalie,Playoffs,2,0,0,0,55,0,2,0,7,48,87.3,3.57,0,117:37,7057
https://en.khl.ru/players/20928/,Mark Dekanich,Goalie,KHL Total,41,0,0,6,1245,11,21,6,111,1134,91.1,2.85,3,2339:39,140379
https://en.khl.ru/players/15205/,Wade Dubielewicz,Goalie,Regular season,21,0,1,0,526,10,7,3,57,469,89.2,2.77,0,1236:10,74170
https://en.khl.ru/players/15205/,Wade Dubielewicz,Goalie,KHL Total,21,0,1,0,526,10,7,3,57,469,89.2,2.77,0,1236:10,74170
https://en.khl.ru/players/15192/,Alexander Danilishin,Goalie,Regular season,5,0,0,0,73,0,1,0,8,65,89.0,3.89,0,123:28,7408
https://en.khl.ru/players/15192/,Alexander Danilishin,Goalie,KHL Total,5,0,0,0,73,0,1,0,8,65,89.0,3.89,0,123:28,7408
https://en.khl.ru/players/9452/,Mikhail Demidov,Goalie,Regular season,3,0,0,0,79,2,0,0,8,71,89.9,3.01,0,159:43,9583
https://en.khl.ru/players/9452/,Mikhail Demidov,Goalie,KHL Total,3,0,0,0,79,2,0,0,8,71,89.9,3.01,0,159:43,9583
https://en.khl.ru/players/16985/,Yann Danis,Goalie,Regular season,31,0,1,2,934,8,17,3,84,850,91.0,3.05,2,1651:40,99100
https://en.khl.ru/players/16985/,Yann Danis,Goalie,KHL Total,31,0,1,2,934,8,17,3,84,850,91.0,3.05,2,1651:40,99100
https://en.khl.ru/players/15295/,Sergei Denisov,Goalie,Regular season,56,0,0,2,1287,11,29,0,163,1124,87.3,3.86,2,2532:19,151939
https://en.khl.ru/players/15295/,Sergei Denisov,Goalie,KHL Total,56,0,0,2,1287,11,29,0,163,1124,87.3,3.86,2,2532:19,151939
https://en.khl.ru/players/18028/,Matt Dalton,Goalie,Regular season,91,0,0,13,2758,25,48,11,235,2523,91.5,2.89,3,4887:06,293226
https://en.khl.ru/players/18028/,Matt Dalton,Goalie,Playoffs,3,0,0,25,60,0,2,0,7,53,88.3,2.9,0,144:37,8677
https://en.khl.ru/players/18028/,Matt Dalton,Goalie,KHL Total,94,0,0,38,2818,25,50,11,242,2576,91.4,2.89,3,5031:43,301903
https://en.khl.ru/players/15301/,Ilya Ezhov,Goalie,Regular season,344,0,8,87,9848,141,144,44,776,9072,92.1,2.4,23,19428:31,1165711
https://en.khl.ru/players/15301/,Ilya Ezhov,Goalie,Playoffs,22,0,0,2,575,7,11,0,51,524,91.1,2.52,2,1215:06,72906
https://en.khl.ru/players/15301/,Ilya Ezhov,Goalie,KHL Total,366,0,8,89,10423,148,155,44,827,9596,92.1,2.4,25,20643:37,1238617
https://en.khl.ru/players/15079/,Robert Esche,Goalie,Regular season,104,0,4,115,2555,53,33,16,231,2324,91.0,2.28,15,6092:11,365531
https://en.khl.ru/players/15079/,Robert Esche,Goalie,Playoffs,11,0,0,8,285,3,7,0,24,261,91.6,2.26,0,637:27,38247
https://en.khl.ru/players/15079/,Robert Esche,Goalie,KHL Total,115,0,4,123,2840,56,40,16,255,2585,91.0,2.27,15,6729:38,403778
https://en.khl.ru/players/15207/,Ray Emery,Goalie,Regular season,36,0,0,2,986,24,8,0,73,913,92.6,2.12,2,2070:18,124218
https://en.khl.ru/players/15207/,Ray Emery,Goalie,Playoffs,7,0,0,0,222,4,3,0,13,209,94.1,1.86,1,418:56,25136
https://en.khl.ru/players/15207/,Ray Emery,Goalie,KHL Total,43,0,0,2,1208,28,11,0,86,1122,92.9,2.07,3,2489:14,149354
https://en.khl.ru/players/20745/,Atte Engren,Goalie,Regular season,104,0,1,0,2663,41,43,14,242,2421,90.9,2.57,4,5650:13,339013
https://en.khl.ru/players/20745/,Atte Engren,Goalie,Playoffs,3,0,0,0,60,2,1,0,4,56,93.3,1.58,1,152:21,9141
https://en.khl.ru/players/20745/,Atte Engren,Goalie,KHL Total,107,0,1,0,2723,43,44,14,246,2477,91.0,2.54,5,5802:34,348154
https://en.khl.ru/players/16068/,Jhonas Enroth,Goalie,Regular season,134,0,2,37,3630,39,78,14,320,3310,91.2,2.51,7,7662:25,459745
https://en.khl.ru/players/16068/,Jhonas Enroth,Goalie,KHL Total,134,0,2,37,3630,39,78,14,320,3310,91.2,2.51,7,7662:25,459745
https://en.khl.ru/players/23661/,Joacim Eriksson,Goalie,Regular season,34,0,0,6,964,9,17,6,78,886,91.9,2.42,2,1934:53,116093
https://en.khl.ru/players/23661/,Joacim Eriksson,Goalie,KHL Total,34,0,0,6,964,9,17,6,78,886,91.9,2.42,2,1934:53,116093
https://en.khl.ru/players/17310/,Erik Ersberg,Goalie,Regular season,63,0,1,2,1813,27,20,11,146,1667,91.9,2.43,8,3602:11,216131
https://en.khl.ru/players/17310/,Erik Ersberg,Goalie,Playoffs,26,0,1,0,704,17,8,0,49,655,93.0,1.98,4,1485:11,89111
https://en.khl.ru/players/17310/,Erik Ersberg,Goalie,KHL Total,89,0,2,2,2517,44,28,11,195,2322,92.3,2.3,12,5087:22,305242
https://en.khl.ru/players/6308/,Mike Fountain,Goalie,Regular season,14,0,1,0,285,3,6,1,27,258,90.5,2.54,0,638:15,38295
https://en.khl.ru/players/6308/,Mike Fountain,Goalie,KHL Total,14,0,1,0,285,3,6,1,27,258,90.5,2.54,0,638:15,38295
https://en.khl.ru/players/17754/,Ivan Farafonov,Goalie,Regular season,1,0,0,0,0,0,0,0,0,0,,0.0,0,0:10,10
https://en.khl.ru/players/17754/,Ivan Farafonov,Goalie,KHL Total,1,0,0,0,0,0,0,0,0,0,,0.0,0,0:10,10
https://en.khl.ru/players/21111/,Leonid Fomin,Goalie,Regular season,15,0,0,2,292,3,5,2,28,264,90.4,2.52,0,667:26,40046
https://en.khl.ru/players/21111/,Leonid Fomin,Goalie,Playoffs,1,0,0,0,1,0,0,0,0,1,100.0,0.0,0,18:45,1125
https://en.khl.ru/players/21111/,Leonid Fomin,Goalie,KHL Total,16,0,0,2,293,3,5,2,28,265,90.4,2.45,0,686:11,41171
https://en.khl.ru/players/23473/,Dominik Furch,Goalie,Regular season,245,0,4,14,6631,109,100,23,527,6104,92.1,2.22,20,14229:45,853785
https://en.khl.ru/players/23473/,Dominik Furch,Goalie,Playoffs,35,0,0,4,1030,17,17,0,83,947,91.9,2.3,1,2168:57,130137
https://en.khl.ru/players/23473/,Dominik Furch,Goalie,KHL Total,280,0,4,18,7661,126,117,23,610,7051,92.0,2.23,21,16398:42,983922
https://en.khl.ru/players/20870/,Ivan Fedotov,Goalie,Regular season,63,0,2,14,1612,26,23,5,117,1495,92.7,2.19,4,3204:43,192283
https://en.khl.ru/players/20870/,Ivan Fedotov,Goalie,Playoffs,4,0,0,0,104,1,3,0,10,94,90.4,2.68,0,224:09,13449
https://en.khl.ru/players/20870/,Ivan Fedotov,Goalie,KHL Total,67,0,2,14,1716,27,26,5,127,1589,92.6,2.22,4,3428:52,205732
https://en.khl.ru/players/10541/,Vladislav Fokin,Goalie,Regular season,127,0,3,18,3054,31,55,11,278,2776,90.9,2.82,7,5917:22,355042
https://en.khl.ru/players/10541/,Vladislav Fokin,Goalie,Playoffs,5,0,0,2,112,0,3,0,12,100,89.3,3.36,0,214:11,12851
https://en.khl.ru/players/10541/,Vladislav Fokin,Goalie,KHL Total,132,0,3,20,3166,31,58,11,290,2876,90.8,2.84,7,6131:33,367893
https://en.khl.ru/players/23898/,Viktor Fasth,Goalie,Regular season,41,0,0,16,856,28,6,3,64,792,92.5,1.68,7,2291:09,137469
https://en.khl.ru/players/23898/,Viktor Fasth,Goalie,Playoffs,4,0,0,0,79,1,2,0,8,71,89.9,2.68,0,179:19,10759
https://en.khl.ru/players/23898/,Viktor Fasth,Goalie,KHL Total,45,0,0,16,935,29,8,3,72,863,92.3,1.75,7,2470:28,148228
https://en.khl.ru/players/16258/,Martin Falter,Goalie,Regular season,6,0,0,0,139,1,4,0,19,120,86.3,4.01,0,284:15,17055
https://en.khl.ru/players/16258/,Martin Falter,Goalie,KHL Total,6,0,0,0,139,1,4,0,19,120,86.3,4.01,0,284:15,17055
https://en.khl.ru/players/17761/,Andrei Filonenko,Goalie,Regular season,4,0,0,0,85,3,0,0,5,80,94.1,1.6,0,187:24,11244
https://en.khl.ru/players/17761/,Andrei Filonenko,Goalie,KHL Total,4,0,0,0,85,3,0,0,5,80,94.1,1.6,0,187:24,11244
https://en.khl.ru/players/23488/,Pavel Francouz,Goalie,Regular season,83,0,2,6,2340,32,27,11,129,2211,94.5,1.73,10,4470:04,268204
https://en.khl.ru/players/23488/,Pavel Francouz,Goalie,Playoffs,18,0,0,4,592,8,9,0,34,558,94.3,1.98,0,1030:58,61858
https://en.khl.ru/players/23488/,Pavel Francouz,Goalie,KHL Total,101,0,2,10,2932,40,36,11,163,2769,94.4,1.78,10,5501:02,330062
https://en.khl.ru/players/10869/,Alexander Fomichyov,Goalie,Regular season,65,0,0,10,1645,19,31,6,150,1495,90.9,2.53,2,3552:31,213151
https://en.khl.ru/players/10869/,Alexander Fomichyov,Goalie,Playoffs,7,0,0,0,187,4,3,0,14,173,92.5,2.24,1,375:49,22549
https://en.khl.ru/players/10869/,Alexander Fomichyov,Goalie,KHL Total,72,0,0,10,1832,23,34,6,164,1668,91.0,2.5,3,3928:20,235700
https://en.khl.ru/players/5694/,Denis Franskevich,Goalie,Regular season,88,0,2,34,2015,21,35,11,219,1796,89.1,3.12,0,4214:22,252862
https://en.khl.ru/players/5694/,Denis Franskevich,Goalie,Playoffs,1,0,0,0,18,0,0,0,4,14,77.8,6.67,0,35:58,2158
https://en.khl.ru/players/5694/,Denis Franskevich,Goalie,KHL Total,89,0,2,34,2033,21,35,11,223,1810,89.0,3.15,0,4250:20,255020
https://en.khl.ru/players/9833/,Stepan Goryachevskikh,Goalie,Regular season,37,0,0,0,862,12,16,2,74,788,91.4,2.43,4,1830:55,109855
https://en.khl.ru/players/9833/,Stepan Goryachevskikh,Goalie,KHL Total,37,0,0,0,862,12,16,2,74,788,91.4,2.43,4,1830:55,109855
https://en.khl.ru/players/17370/,Alexander Galaisha,Goalie,Regular season,1,0,0,0,2,0,0,0,0,2,100.0,0.0,0,0:54,54
https://en.khl.ru/players/17370/,Alexander Galaisha,Goalie,KHL Total,1,0,0,0,2,0,0,0,0,2,100.0,0.0,0,0:54,54
https://en.khl.ru/players/16362/,Jeff Glass,Goalie,Regular season,218,0,2,34,6257,81,87,30,528,5729,91.6,2.64,16,11994:33,719673
https://en.khl.ru/players/16362/,Jeff Glass,Goalie,Playoffs,16,0,0,2,527,3,13,0,39,488,92.6,2.43,2,961:10,57670
https://en.khl.ru/players/16362/,Jeff Glass,Goalie,KHL Total,234,0,2,36,6784,84,100,30,567,6217,91.6,2.63,18,12955:43,777343
https://en.khl.ru/players/3703/,Georgy Gelashvili,Goalie,Regular season,229,0,4,160,6356,103,89,21,500,5856,92.1,2.33,20,12849:54,770994
https://en.khl.ru/players/3703/,Georgy Gelashvili,Goalie,Playoffs,62,0,1,0,1839,35,23,0,127,1712,93.1,2.03,8,3746:51,224811
https://en.khl.ru/players/3703/,Georgy Gelashvili,Goalie,KHL Total,291,0,5,160,8195,138,112,21,627,7568,92.3,2.27,28,16596:45,995805
https://en.khl.ru/players/21052/,Denis Godla,Goalie,Regular season,4,0,0,0,93,0,3,0,15,78,83.9,5.17,0,173:57,10437
https://en.khl.ru/players/21052/,Denis Godla,Goalie,KHL Total,4,0,0,0,93,0,3,0,15,78,83.9,5.17,0,173:57,10437
https://en.khl.ru/players/16745/,Kristers Gudlevskis,Goalie,Regular season,42,0,0,4,985,13,24,4,98,887,90.1,2.61,3,2255:16,135316
https://en.khl.ru/players/16745/,Kristers Gudlevskis,Goalie,KHL Total,42,0,0,4,985,13,24,4,98,887,90.1,2.61,3,2255:16,135316
https://en.khl.ru/players/23499/,Vladislav Gross,Goalie,Regular season,11,0,0,0,236,4,5,0,28,208,88.1,3.44,1,487:46,29266
https://en.khl.ru/players/23499/,Vladislav Gross,Goalie,KHL Total,11,0,0,0,236,4,5,0,28,208,88.1,3.44,1,487:46,29266
https://en.khl.ru/players/14900/,Michael Garnett,Goalie,Regular season,328,0,5,39,8750,146,134,37,749,8001,91.4,2.36,24,19038:30,1142310
https://en.khl.ru/players/14900/,Michael Garnett,Goalie,Playoffs,73,0,2,4,1946,39,31,0,156,1790,92.0,2.1,7,4458:43,267523
https://en.khl.ru/players/14900/,Michael Garnett,Goalie,KHL Total,401,0,7,43,10696,185,165,37,905,9791,91.5,2.31,31,23497:13,1409833
https://en.khl.ru/players/6373/,Yury Gerasimov,Goalie,Regular season,5,0,0,0,104,1,3,1,13,91,87.5,3.2,0,243:27,14607
https://en.khl.ru/players/6373/,Yury Gerasimov,Goalie,KHL Total,5,0,0,0,104,1,3,1,13,91,87.5,3.2,0,243:27,14607
https://en.khl.ru/players/27076/,Vladimir Galkin,Goalie,Regular season,14,0,0,2,314,4,5,1,34,280,89.2,2.95,0,692:34,41554
https://en.khl.ru/players/27076/,Vladimir Galkin,Goalie,KHL Total,14,0,0,2,314,4,5,1,34,280,89.2,2.95,0,692:34,41554
https://en.khl.ru/players/21977/,Mathieu Garon,Goalie,Regular season,18,0,0,2,428,5,9,4,43,385,90.0,2.35,0,1096:14,65774
https://en.khl.ru/players/21977/,Mathieu Garon,Goalie,KHL Total,18,0,0,2,428,5,9,4,43,385,90.0,2.35,0,1096:14,65774
https://en.khl.ru/players/15172/,Emil Garipov,Goalie,Regular season,239,0,1,22,6373,128,71,22,441,5932,93.1,1.95,20,13569:10,814150
https://en.khl.ru/players/15172/,Emil Garipov,Goalie,Playoffs,45,0,1,0,1234,28,13,0,78,1156,93.7,1.76,5,2655:22,159322
https://en.khl.ru/players/15172/,Emil Garipov,Goalie,KHL Total,284,0,2,22,7607,156,84,22,519,7088,93.2,1.92,25,16224:32,973472
https://en.khl.ru/players/14922/,Sergei Gaiduchenko,Goalie,Regular season,93,0,0,4,2450,27,44,13,228,2222,90.7,2.82,2,4851:59,291119
https://en.khl.ru/players/14922/,Sergei Gaiduchenko,Goalie,Playoffs,3,0,0,0,57,0,0,0,9,48,84.2,4.33,0,124:37,7477
https://en.khl.ru/players/14922/,Sergei Gaiduchenko,Goalie,KHL Total,96,0,0,4,2507,27,44,13,237,2270,90.5,2.86,2,4976:36,298596
https://en.khl.ru/players/16222/,Martin Gerber,Goalie,Regular season,30,0,0,27,747,15,6,6,64,683,91.4,2.19,2,1750:24,105024
https://en.khl.ru/players/16222/,Martin Gerber,Goalie,KHL Total,30,0,0,27,747,15,6,6,64,683,91.4,2.19,2,1750:24,105024
https://en.khl.ru/players/14426/,Stanislav Galimov,Goalie,Regular season,326,0,3,26,8257,162,98,36,641,7616,92.2,2.15,39,17871:11,1072271
https://en.khl.ru/players/14426/,Stanislav Galimov,Goalie,Playoffs,28,0,0,0,760,10,14,1,60,700,92.1,2.33,4,1545:41,92741
https://en.khl.ru/players/14426/,Stanislav Galimov,Goalie,KHL Total,354,0,3,26,9017,172,112,37,701,8316,92.2,2.17,43,19416:52,1165012
https://en.khl.ru/players/19044/,Kirill Grigoryev,Goalie,Regular season,1,0,0,0,0,0,0,0,0,0,,0.0,0,7:36,456
https://en.khl.ru/players/19044/,Kirill Grigoryev,Goalie,KHL Total,1,0,0,0,0,0,0,0,0,0,,0.0,0,7:36,456
https://en.khl.ru/players/14700/,Andrei Gavrilov,Goalie,Regular season,76,0,0,4,1757,22,22,12,164,1593,90.7,2.81,3,3502:32,210152
https://en.khl.ru/players/14700/,Andrei Gavrilov,Goalie,Playoffs,4,0,0,0,80,0,3,0,9,71,88.8,3.65,0,148:06,8886
https://en.khl.ru/players/14700/,Andrei Gavrilov,Goalie,KHL Total,80,0,0,4,1837,22,25,12,173,1664,90.6,2.84,3,3650:38,219038
https://en.khl.ru/players/15208/,John Grahame,Goalie,Regular season,20,0,1,4,549,8,10,2,57,492,89.6,2.86,3,1194:54,71694
https://en.khl.ru/players/15208/,John Grahame,Goalie,KHL Total,20,0,1,4,549,8,10,2,57,492,89.6,2.86,3,1194:54,71694
https://en.khl.ru/players/20712/,Niko Hovinen,Goalie,Regular season,30,0,0,2,847,4,21,1,81,766,90.4,3.31,0,1469:39,88179
https://en.khl.ru/players/20712/,Niko Hovinen,Goalie,KHL Total,30,0,0,2,847,4,21,1,81,766,90.4,3.31,0,1469:39,88179
https://en.khl.ru/players/26938/,Magnus Hellberg,Goalie,Regular season,132,0,1,6,3325,68,44,10,233,3092,93.0,1.88,19,7424:20,445460
https://en.khl.ru/players/26938/,Magnus Hellberg,Goalie,Playoffs,22,0,0,0,514,16,4,0,31,483,94.0,1.39,4,1335:19,80119
https://en.khl.ru/players/26938/,Magnus Hellberg,Goalie,KHL Total,154,0,1,6,3839,84,48,10,264,3575,93.1,1.81,23,8759:39,525579
https://en.khl.ru/players/16761/,Dominik Hasek,Goalie,Regular season,46,0,0,2,1312,23,19,3,112,1200,91.5,2.48,7,2710:42,162642
https://en.khl.ru/players/16761/,Dominik Hasek,Goalie,Playoffs,4,0,0,0,103,0,3,0,14,89,86.4,4.12,0,204:07,12247
https://en.khl.ru/players/16761/,Dominik Hasek,Goalie,KHL Total,50,0,0,2,1415,23,22,3,126,1289,91.1,2.59,7,2914:49,174889
https://en.khl.ru/players/19384/,Ville Hostikka,Goalie,Regular season,1,0,0,0,24,0,1,0,4,20,83.3,4.02,0,59:46,3586
https://en.khl.ru/players/19384/,Ville Hostikka,Goalie,KHL Total,1,0,0,0,24,0,1,0,4,20,83.3,4.02,0,59:46,3586
https://en.khl.ru/players/23351/,Calvin Heeter,Goalie,Regular season,28,0,0,4,713,9,11,4,69,644,90.3,2.76,0,1502:35,90155
https://en.khl.ru/players/23351/,Calvin Heeter,Goalie,KHL Total,28,0,0,4,713,9,11,4,69,644,90.3,2.76,0,1502:35,90155
https://en.khl.ru/players/22346/,Riku Helenius,Goalie,Regular season,63,0,1,4,1542,31,17,10,146,1396,90.5,2.48,4,3536:01,212161
https://en.khl.ru/players/22346/,Riku Helenius,Goalie,Playoffs,1,0,0,0,18,1,0,0,1,17,94.4,1.0,0,60:00,3600
https://en.khl.ru/players/22346/,Riku Helenius,Goalie,KHL Total,64,0,1,4,1560,32,17,10,147,1413,90.6,2.45,4,3596:01,215761
https://en.khl.ru/players/31049/,Dominik Hrachovina,Goalie,Regular season,22,0,0,2,534,7,6,4,46,488,91.4,2.61,1,1056:48,63408
https://en.khl.ru/players/31049/,Dominik Hrachovina,Goalie,Playoffs,4,0,0,0,99,1,2,0,11,88,88.9,3.5,0,188:47,11327
https://en.khl.ru/players/31049/,Dominik Hrachovina,Goalie,KHL Total,26,0,0,2,633,8,8,4,57,576,91.0,2.75,1,1245:35,74735
https://en.khl.ru/players/17543/,Lars Haugen,Goalie,Regular season,79,0,0,20,2175,34,31,10,171,2004,92.1,2.3,7,4452:57,267177
https://en.khl.ru/players/17543/,Lars Haugen,Goalie,Playoffs,5,0,0,0,148,1,3,0,14,134,90.5,3.15,0,266:29,15989
https://en.khl.ru/players/17543/,Lars Haugen,Goalie,KHL Total,84,0,0,20,2323,35,34,10,185,2138,92.0,2.35,7,4719:26,283166
https://en.khl.ru/players/34937/,Simon Hrubec,Goalie,Regular season,61,0,1,8,1922,23,30,6,137,1785,92.9,2.32,5,3544:17,212657
https://en.khl.ru/players/34937/,Simon Hrubec,Goalie,Playoffs,18,0,1,0,550,12,6,0,26,524,95.3,1.45,5,1076:41,64601
https://en.khl.ru/players/34937/,Simon Hrubec,Goalie,KHL Total,79,0,2,8,2472,35,36,6,163,2309,93.4,2.12,10,4620:58,277258
https://en.khl.ru/players/20715/,Julius Hudacek,Goalie,Regular season,181,0,7,12,4781,82,72,18,397,4384,91.7,2.31,11,10315:14,618914
https://en.khl.ru/players/20715/,Julius Hudacek,Goalie,Playoffs,18,0,1,12,540,2,15,0,50,490,90.7,2.95,1,1016:36,60996
https://en.khl.ru/players/20715/,Julius Hudacek,Goalie,KHL Total,199,0,8,24,5321,84,87,18,447,4874,91.6,2.37,12,11331:50,679910
https://en.khl.ru/players/16810/,Christopher Holt,Goalie,Regular season,110,0,1,16,3294,39,45,20,265,3029,92.0,2.45,8,6488:55,389335
https://en.khl.ru/players/16810/,Christopher Holt,Goalie,Playoffs,12,0,0,2,315,4,7,0,35,280,88.9,3.04,0,690:55,41455
https://en.khl.ru/players/16810/,Christopher Holt,Goalie,KHL Total,122,0,1,18,3609,43,52,20,300,3309,91.7,2.51,8,7179:50,430790
https://en.khl.ru/players/22258/,Leland Irving,Goalie,Regular season,20,0,0,0,401,2,8,1,47,354,88.3,3.35,0,841:44,50504
https://en.khl.ru/players/22258/,Leland Irving,Goalie,KHL Total,20,0,0,0,401,2,8,1,47,354,88.3,3.35,0,841:44,50504
https://en.khl.ru/players/15122/,Alexei Ivanov,Goalie,Regular season,27,0,0,0,699,6,10,3,59,640,91.6,2.78,1,1274:33,76473
https://en.khl.ru/players/15122/,Alexei Ivanov,Goalie,KHL Total,27,0,0,0,699,6,10,3,59,640,91.6,2.78,1,1274:33,76473
https://en.khl.ru/players/15201/,Evgeny Ivannikov,Goalie,Regular season,148,0,3,4,3686,57,55,20,325,3361,91.2,2.54,4,7675:46,460546
https://en.khl.ru/players/15201/,Evgeny Ivannikov,Goalie,Playoffs,5,0,0,0,184,1,4,0,18,166,90.2,2.82,0,383:37,23017
https://en.khl.ru/players/15201/,Evgeny Ivannikov,Goalie,KHL Total,153,0,3,4,3870,58,59,20,343,3527,91.1,2.55,4,8059:23,483563
https://en.khl.ru/players/25400/,Daniil Isayev,Goalie,Regular season,11,0,0,2,221,6,1,1,16,205,92.8,1.84,2,520:24,31224
https://en.khl.ru/players/25400/,Daniil Isayev,Goalie,KHL Total,11,0,0,2,221,6,1,1,16,205,92.8,1.84,2,520:24,31224
https://en.khl.ru/players/17540/,Maris Jucers,Goalie,Regular season,35,0,0,0,815,4,18,8,82,733,89.9,2.78,0,1771:48,106308
https://en.khl.ru/players/17540/,Maris Jucers,Goalie,Playoffs,3,0,0,0,61,1,2,0,8,53,86.9,2.85,0,168:10,10090
https://en.khl.ru/players/17540/,Maris Jucers,Goalie,KHL Total,38,0,0,0,876,5,20,8,90,786,89.7,2.78,0,1939:58,116398
https://en.khl.ru/players/20710/,Mika Jarvinen,Goalie,Regular season,25,0,0,12,835,2,14,8,77,758,90.8,3.09,1,1494:33,89673
https://en.khl.ru/players/20710/,Mika Jarvinen,Goalie,KHL Total,25,0,0,12,835,2,14,8,77,758,90.8,3.09,1,1494:33,89673
https://en.khl.ru/players/27788/,Lars Johansson,Goalie,Regular season,92,0,3,10,1932,71,16,2,122,1810,93.7,1.36,25,5365:10,321910
https://en.khl.ru/players/27788/,Lars Johansson,Goalie,Playoffs,30,0,0,8,737,17,11,0,33,704,95.5,1.12,8,1775:13,106513
https://en.khl.ru/players/27788/,Lars Johansson,Goalie,KHL Total,122,0,3,18,2669,88,27,2,155,2514,94.2,1.3,33,7140:23,428423
https://en.khl.ru/players/16053/,Jaroslav Janus,Goalie,Regular season,113,0,3,12,3192,39,46,26,286,2906,91.0,2.59,9,6628:23,397703
https://en.khl.ru/players/16053/,Jaroslav Janus,Goalie,Playoffs,2,0,0,0,60,0,2,0,8,52,86.7,4.03,0,119:11,7151
https://en.khl.ru/players/16053/,Jaroslav Janus,Goalie,KHL Total,115,0,3,12,3252,39,48,26,294,2958,91.0,2.61,9,6747:34,404854
https://en.khl.ru/players/39297/,Samuel Jukuri,Goalie,Regular season,8,0,1,0,193,3,4,0,16,177,91.7,2.19,0,438:17,26297
https://en.khl.ru/players/39297/,Samuel Jukuri,Goalie,KHL Total,8,0,1,0,193,3,4,0,16,177,91.7,2.19,0,438:17,26297
https://en.khl.ru/players/23619/,Gasper Kroselj,Goalie,Regular season,28,0,0,0,637,6,15,1,64,573,90.0,3.2,0,1199:32,71972
https://en.khl.ru/players/23619/,Gasper Kroselj,Goalie,KHL Total,28,0,0,0,637,6,15,1,64,573,90.0,3.2,0,1199:32,71972
https://en.khl.ru/players/15222/,Dimitrij Kotschnew,Goalie,Regular season,114,0,2,20,3026,59,34,13,267,2759,91.2,2.48,7,6458:00,387480
https://en.khl.ru/players/15222/,Dimitrij Kotschnew,Goalie,Playoffs,30,0,0,2,873,15,12,0,87,786,90.0,3.12,2,1671:57,100317
https://en.khl.ru/players/15222/,Dimitrij Kotschnew,Goalie,KHL Total,144,0,2,22,3899,74,46,13,354,3545,90.9,2.61,9,8129:57,487797
https://en.khl.ru/players/3913/,Sergei Khoroshun,Goalie,Regular season,47,0,0,2,1007,14,21,2,100,907,90.1,2.61,2,2300:43,138043
https://en.khl.ru/players/3913/,Sergei Khoroshun,Goalie,Playoffs,1,0,0,0,10,0,1,0,3,7,70.0,14.48,0,12:26,746
https://en.khl.ru/players/3913/,Sergei Khoroshun,Goalie,KHL Total,48,0,0,2,1017,14,22,2,103,914,89.9,2.67,2,2313:09,138789
https://en.khl.ru/players/18932/,Tomi Karhunen,Goalie,Regular season,50,0,0,0,1383,13,25,8,117,1266,91.5,2.57,4,2727:59,163679
https://en.khl.ru/players/18932/,Tomi Karhunen,Goalie,Playoffs,4,0,0,0,106,1,3,0,15,91,85.8,4.5,0,199:51,11991
https://en.khl.ru/players/18932/,Tomi Karhunen,Goalie,KHL Total,54,0,0,0,1489,14,28,8,132,1357,91.1,2.71,4,2927:50,175670
https://en.khl.ru/players/17334/,Mikhail Karnaukhov,Goalie,Regular season,44,0,0,0,893,4,18,2,100,793,88.8,3.39,0,1769:14,106154
https://en.khl.ru/players/17334/,Mikhail Karnaukhov,Goalie,KHL Total,44,0,0,0,893,4,18,2,100,793,88.8,3.39,0,1769:14,106154
https://en.khl.ru/players/23823/,Denis Karatayev,Goalie,Regular season,1,0,0,0,12,0,0,0,2,10,83.3,4.36,0,27:30,1650
https://en.khl.ru/players/23823/,Denis Karatayev,Goalie,KHL Total,1,0,0,0,12,0,0,0,2,10,83.3,4.36,0,27:30,1650
https://en.khl.ru/players/22131/,Evgeny Kiselyov,Goalie,Regular season,7,0,0,2,211,0,5,1,23,188,89.1,4.14,0,333:15,19995
https://en.khl.ru/players/22131/,Evgeny Kiselyov,Goalie,KHL Total,7,0,0,2,211,0,5,1,23,188,89.1,4.14,0,333:15,19995
https://en.khl.ru/players/15372/,Matus Kostur,Goalie,Regular season,10,0,0,0,197,1,6,1,29,168,85.3,3.62,0,480:11,28811
https://en.khl.ru/players/15372/,Matus Kostur,Goalie,KHL Total,10,0,0,0,197,1,6,1,29,168,85.3,3.62,0,480:11,28811
https://en.khl.ru/players/7097/,Alexei Kuznetsov,Goalie,Regular season,130,0,2,37,3520,45,60,13,343,3177,90.3,2.91,8,7072:27,424347
https://en.khl.ru/players/7097/,Alexei Kuznetsov,Goalie,Playoffs,6,0,0,0,149,2,2,1,12,137,91.9,2.35,0,306:47,18407
https://en.khl.ru/players/7097/,Alexei Kuznetsov,Goalie,KHL Total,136,0,2,37,3669,47,62,14,355,3314,90.3,2.89,8,7379:14,442754
https://en.khl.ru/players/22611/,Ilya G. Konovalov,Goalie,Regular season,111,0,0,0,2788,53,41,9,217,2571,92.2,2.14,14,6076:23,364583
https://en.khl.ru/players/22611/,Ilya G. Konovalov,Goalie,Playoffs,13,0,1,2,295,5,5,0,30,265,89.8,2.83,1,635:51,38151
https://en.khl.ru/players/22611/,Ilya G. Konovalov,Goalie,KHL Total,124,0,1,2,3083,58,46,9,247,2836,92.0,2.21,15,6712:14,402734
https://en.khl.ru/players/14692/,Evgeny Konobry,Goalie,Regular season,45,0,1,0,1012,17,16,6,110,902,89.1,3.08,0,2145:53,128753
https://en.khl.ru/players/14692/,Evgeny Konobry,Goalie,Playoffs,3,0,0,0,14,0,0,0,4,10,71.4,5.93,0,40:29,2429
https://en.khl.ru/players/14692/,Evgeny Konobry,Goalie,KHL Total,48,0,1,0,1026,17,16,6,114,912,88.9,3.13,0,2186:22,131182
https://en.khl.ru/players/24607/,Pyotr Kochetkov,Goalie,Regular season,26,0,0,6,697,6,15,1,60,637,91.4,2.75,1,1311:26,78686
https://en.khl.ru/players/24607/,Pyotr Kochetkov,Goalie,Playoffs,2,0,0,0,59,0,1,0,4,55,93.2,2.48,0,96:46,5806
https://en.khl.ru/players/24607/,Pyotr Kochetkov,Goalie,KHL Total,28,0,0,6,756,6,16,1,64,692,91.5,2.73,1,1408:12,84492
https://en.khl.ru/players/20746/,Miroslav Kopriva,Goalie,Regular season,17,0,0,12,412,3,9,1,38,374,90.8,2.62,0,871:02,52262
https://en.khl.ru/players/20746/,Miroslav Kopriva,Goalie,KHL Total,17,0,0,12,412,3,9,1,38,374,90.8,2.62,0,871:02,52262
https://en.khl.ru/players/5516/,Vasily Koshechkin,Goalie,Regular season,570,0,11,48,15399,271,182,73,1109,14290,92.8,2.08,71,31931:19,1915879
https://en.khl.ru/players/5516/,Vasily Koshechkin,Goalie,Playoffs,128,0,0,10,4026,71,55,0,264,3762,93.4,2.07,12,7661:57,459717
https://en.khl.ru/players/5516/,Vasily Koshechkin,Goalie,KHL Total,698,0,11,58,19425,342,237,73,1373,18052,92.9,2.08,83,39593:16,2375596
https://en.khl.ru/players/12813/,Evgeny Konstantinov,Goalie,Regular season,12,0,2,0,215,5,2,1,21,194,90.2,2.3,1,547:24,32844
https://en.khl.ru/players/12813/,Evgeny Konstantinov,Goalie,KHL Total,12,0,2,0,215,5,2,1,21,194,90.2,2.3,1,547:24,32844
https://en.khl.ru/players/20197/,Mikko Koskinen,Goalie,Regular season,184,0,3,18,4795,101,58,15,354,4441,92.6,1.99,18,10679:55,640795
https://en.khl.ru/players/20197/,Mikko Koskinen,Goalie,Playoffs,77,0,2,6,2108,50,24,0,131,1977,93.8,1.64,14,4801:01,288061
https://en.khl.ru/players/20197/,Mikko Koskinen,Goalie,KHL Total,261,0,5,24,6903,151,82,15,485,6418,93.0,1.88,32,15480:56,928856
https://en.khl.ru/players/4520/,Vitaly Kolesnik,Goalie,Regular season,205,0,1,2,4701,93,48,37,366,4335,92.2,2.14,22,10252:59,615179
https://en.khl.ru/players/4520/,Vitaly Kolesnik,Goalie,Playoffs,13,0,1,2,282,2,6,0,19,263,93.3,1.94,1,586:08,35168
https://en.khl.ru/players/4520/,Vitaly Kolesnik,Goalie,KHL Total,218,0,2,4,4983,95,54,37,385,4598,92.3,2.13,23,10839:07,650347
https://en.khl.ru/players/19222/,Denis Kostin,Goalie,Regular season,60,0,1,2,1192,20,17,11,107,1085,91.0,2.4,3,2670:07,160207
https://en.khl.ru/players/19222/,Denis Kostin,Goalie,Playoffs,7,0,0,2,161,3,3,0,14,147,91.3,2.1,1,399:56,23996
https://en.khl.ru/players/19222/,Denis Kostin,Goalie,KHL Total,67,0,1,4,1353,23,20,11,121,1232,91.1,2.36,4,3070:03,184203
https://en.khl.ru/players/15803/,Rafael Khakimov,Goalie,Regular season,73,0,0,8,1821,8,36,6,168,1653,90.8,2.98,3,3378:17,202697
https://en.khl.ru/players/15803/,Rafael Khakimov,Goalie,KHL Total,73,0,0,8,1821,8,36,6,168,1653,90.8,2.98,3,3378:17,202697
https://en.khl.ru/players/22523/,Fyodor Korotayev,Goalie,Regular season,22,0,0,0,476,3,10,0,47,429,90.1,3.09,0,913:26,54806
https://en.khl.ru/players/22523/,Fyodor Korotayev,Goalie,KHL Total,22,0,0,0,476,3,10,0,47,429,90.1,3.09,0,913:26,54806
https://en.khl.ru/players/18723/,Ville Kolppanen,Goalie,Regular season,66,0,1,36,1952,17,33,8,171,1781,91.2,3.0,2,3423:34,205414
https://en.khl.ru/players/18723/,Ville Kolppanen,Goalie,KHL Total,66,0,1,36,1952,17,33,8,171,1781,91.2,3.0,2,3423:34,205414
https://en.khl.ru/players/24300/,Ivan Kulbakov,Goalie,Regular season,12,0,0,4,327,2,7,0,31,296,90.5,3.25,0,571:53,34313
https://en.khl.ru/players/24300/,Ivan Kulbakov,Goalie,KHL Total,12,0,0,4,327,2,7,0,31,296,90.5,3.25,0,571:53,34313
https://en.khl.ru/players/23337/,Georgy Kuznetsov,Goalie,Regular season,7,0,0,0,140,0,3,0,16,124,88.6,4.06,0,236:17,14177
https://en.khl.ru/players/23337/,Georgy Kuznetsov,Goalie,KHL Total,7,0,0,0,140,0,3,0,16,124,88.6,4.06,0,236:17,14177
https://en.khl.ru/players/20675/,Janis Kalnins,Goalie,Regular season,188,0,5,6,4937,90,66,17,393,4544,92.0,2.29,14,10300:13,618013
https://en.khl.ru/players/20675/,Janis Kalnins,Goalie,Playoffs,11,0,0,0,252,5,5,0,22,230,91.3,2.28,1,580:02,34802
https://en.khl.ru/players/20675/,Janis Kalnins,Goalie,KHL Total,199,0,5,6,5189,95,71,17,415,4774,92.0,2.29,15,10880:15,652815
https://en.khl.ru/players/24081/,Libor Kasik,Goalie,Regular season,8,0,0,0,232,0,8,0,31,201,86.6,4.37,0,425:17,25517
https://en.khl.ru/players/24081/,Libor Kasik,Goalie,KHL Total,8,0,0,0,232,0,8,0,31,201,86.6,4.37,0,425:17,25517
https://en.khl.ru/players/20390/,Alexei Krasikov,Goalie,Regular season,141,0,0,8,3563,41,55,20,280,3283,92.1,2.55,11,6594:34,395674
https://en.khl.ru/players/20390/,Alexei Krasikov,Goalie,Playoffs,1,0,0,0,12,0,0,0,2,10,83.3,3.61,0,33:15,1995
https://en.khl.ru/players/20390/,Alexei Krasikov,Goalie,KHL Total,142,0,0,8,3575,41,55,20,282,3293,92.1,2.55,11,6627:49,397669
https://en.khl.ru/players/13971/,Fyodor Kukin,Goalie,Regular season,1,0,0,0,15,0,0,0,1,14,93.3,2.37,0,25:18,1518
https://en.khl.ru/players/13971/,Fyodor Kukin,Goalie,KHL Total,1,0,0,0,15,0,0,0,1,14,93.3,2.37,0,25:18,1518
https://en.khl.ru/players/23595/,Sergei Kudryavtsev,Goalie,Regular season,25,0,0,0,648,6,9,3,60,588,90.7,3.12,0,1153:09,69189
https://en.khl.ru/players/23595/,Sergei Kudryavtsev,Goalie,KHL Total,25,0,0,0,648,6,9,3,60,588,90.7,3.12,0,1153:09,69189
https://en.khl.ru/players/21516/,Anton Krasotkin,Goalie,Regular season,104,0,2,12,2795,24,49,8,232,2563,91.7,2.65,4,5262:23,315743
https://en.khl.ru/players/21516/,Anton Krasotkin,Goalie,KHL Total,104,0,2,12,2795,24,49,8,232,2563,91.7,2.65,4,5262:23,315743
https://en.khl.ru/players/17768/,Andrei Kareyev,Goalie,Regular season,141,0,2,6,3831,37,59,19,291,3540,92.4,2.5,7,6972:16,418336
https://en.khl.ru/players/17768/,Andrei Kareyev,Goalie,Playoffs,5,0,0,0,71,0,0,0,11,60,84.5,4.48,0,147:15,8835
https://en.khl.ru/players/17768/,Andrei Kareyev,Goalie,KHL Total,146,0,2,6,3902,37,59,19,302,3600,92.3,2.55,7,7119:31,427171
https://en.khl.ru/players/22093/,Henrik Karlsson,Goalie,Regular season,275,0,5,112,7579,147,100,17,591,6988,92.2,2.28,28,15556:55,933415
https://en.khl.ru/players/22093/,Henrik Karlsson,Goalie,Playoffs,39,0,1,0,1080,14,21,0,95,985,91.2,2.58,1,2207:27,132447
https://en.khl.ru/players/22093/,Henrik Karlsson,Goalie,KHL Total,314,0,6,112,8659,161,121,17,686,7973,92.1,2.32,29,17764:22,1065862
https://en.khl.ru/players/18931/,Branislav Konrad,Goalie,Regular season,4,0,0,0,104,2,2,0,12,92,88.5,2.97,0,242:49,14569
https://en.khl.ru/players/18931/,Branislav Konrad,Goalie,Playoffs,2,0,0,0,70,0,2,0,7,63,90.0,3.21,0,130:44,7844
https://en.khl.ru/players/18931/,Branislav Konrad,Goalie,KHL Total,6,0,0,0,174,2,4,0,19,155,89.1,3.05,0,373:33,22413
https://en.khl.ru/players/19605/,Jakub Kovar,Goalie,Regular season,400,0,14,22,11228,187,151,47,835,10393,92.6,2.17,42,23049:11,1382951
https://en.khl.ru/players/19605/,Jakub Kovar,Goalie,Playoffs,35,0,1,0,1010,11,24,0,79,931,92.2,2.23,3,2124:26,127466
https://en.khl.ru/players/19605/,Jakub Kovar,Goalie,KHL Total,435,0,15,22,12238,198,175,47,914,11324,92.5,2.18,45,25173:37,1510417
https://en.khl.ru/players/17592/,Pavel Khomchenko,Goalie,Regular season,13,0,0,0,294,2,6,1,29,265,90.1,2.88,0,604:20,36260
https://en.khl.ru/players/17592/,Pavel Khomchenko,Goalie,Playoffs,1,0,0,0,11,0,0,0,2,9,81.8,5.37,0,22:20,1340
https://en.khl.ru/players/17592/,Pavel Khomchenko,Goalie,KHL Total,14,0,0,0,305,2,6,1,31,274,89.8,2.97,0,626:40,37600
https://en.khl.ru/players/5453/,Yury Klyuchnikov,Goalie,Regular season,107,0,2,18,2602,27,47,10,279,2323,89.3,3.04,5,5513:15,330795
https://en.khl.ru/players/5453/,Yury Klyuchnikov,Goalie,Playoffs,2,0,0,0,39,0,1,0,6,33,84.6,4.8,0,74:59,4499
https://en.khl.ru/players/5453/,Yury Klyuchnikov,Goalie,KHL Total,109,0,2,18,2641,27,48,10,285,2356,89.2,3.06,5,5588:14,335294
https://en.khl.ru/players/16924/,Denis Kovalyov,Goalie,Regular season,1,0,0,0,6,0,0,0,1,5,83.3,3.0,0,20:00,1200
https://en.khl.ru/players/16924/,Denis Kovalyov,Goalie,KHL Total,1,0,0,0,6,0,0,0,1,5,83.3,3.0,0,20:00,1200
https://en.khl.ru/players/16844/,Vladimir Kramar,Goalie,Regular season,1,0,0,0,9,0,0,0,2,7,77.8,6.32,0,19:00,1140
https://en.khl.ru/players/16844/,Vladimir Kramar,Goalie,Playoffs,1,0,0,0,10,0,0,0,0,10,100.0,0.0,0,22:39,1359
https://en.khl.ru/players/16844/,Vladimir Kramar,Goalie,KHL Total,2,0,0,0,19,0,0,0,2,17,89.5,2.88,0,41:39,2499
https://en.khl.ru/players/34760/,Alexei Kolosov,Goalie,Regular season,9,0,0,0,258,3,5,1,23,235,91.1,2.69,1,513:13,30793
https://en.khl.ru/players/34760/,Alexei Kolosov,Goalie,KHL Total,9,0,0,0,258,3,5,1,23,235,91.1,2.69,1,513:13,30793
https://en.khl.ru/players/19452/,Sergei Korobov,Goalie,Regular season,3,0,0,0,50,1,0,0,3,47,94.0,1.91,0,94:06,5646
https://en.khl.ru/players/19452/,Sergei Korobov,Goalie,KHL Total,3,0,0,0,50,1,0,0,3,47,94.0,1.91,0,94:06,5646
https://en.khl.ru/players/13710/,Ivan Kasutin,Goalie,Regular season,279,0,6,24,7315,95,119,35,668,6647,90.9,2.67,16,15014:17,900857
https://en.khl.ru/players/13710/,Ivan Kasutin,Goalie,Playoffs,36,0,0,2,946,17,16,0,64,882,93.2,1.87,5,2048:33,122913
https://en.khl.ru/players/13710/,Ivan Kasutin,Goalie,KHL Total,315,0,6,26,8261,112,135,35,732,7529,91.1,2.57,21,17062:50,1023770
https://en.khl.ru/players/3997/,Vitaly Koval,Goalie,Regular season,201,0,1,50,5054,73,86,28,437,4617,91.4,2.4,18,10929:14,655754
https://en.khl.ru/players/3997/,Vitaly Koval,Goalie,Playoffs,17,0,0,6,548,8,8,0,36,512,93.4,2.06,1,1046:23,62783
https://en.khl.ru/players/3997/,Vitaly Koval,Goalie,KHL Total,218,0,1,56,5602,81,94,28,473,5129,91.6,2.37,19,11975:37,718537
https://en.khl.ru/players/16094/,Daniil Kudlayev,Goalie,Regular season,2,0,0,0,52,0,1,0,8,44,84.6,4.94,0,97:12,5832
https://en.khl.ru/players/16094/,Daniil Kudlayev,Goalie,KHL Total,2,0,0,0,52,0,1,0,8,44,84.6,4.94,0,97:12,5832
https://en.khl.ru/players/19497/,Ondrej Kocian,Goalie,Regular season,1,0,0,0,2,0,0,0,0,2,100.0,0.0,0,3:38,218
https://en.khl.ru/players/19497/,Ondrej Kocian,Goalie,KHL Total,1,0,0,0,2,0,0,0,0,2,100.0,0.0,0,3:38,218
https://en.khl.ru/players/9453/,Anton Khudobin,Goalie,Regular season,26,0,1,2,837,6,14,4,74,763,91.2,2.96,1,1499:59,89999
https://en.khl.ru/players/9453/,Anton Khudobin,Goalie,KHL Total,26,0,1,2,837,6,14,4,74,763,91.2,2.96,1,1499:59,89999
https://en.khl.ru/players/14917/,Tomas Lawson,Goalie,Regular season,59,0,1,42,1539,17,32,7,163,1376,89.4,2.98,3,3286:41,197201
https://en.khl.ru/players/14917/,Tomas Lawson,Goalie,KHL Total,59,0,1,42,1539,17,32,7,163,1376,89.4,2.98,3,3286:41,197201
https://en.khl.ru/players/21000/,Michael Leighton,Goalie,Regular season,42,0,1,2,1067,20,16,6,71,996,93.3,1.74,6,2448:16,146896
https://en.khl.ru/players/21000/,Michael Leighton,Goalie,Playoffs,8,0,0,0,217,3,4,0,20,197,90.8,2.57,0,467:07,28027
https://en.khl.ru/players/21000/,Michael Leighton,Goalie,KHL Total,50,0,1,2,1284,23,20,6,91,1193,92.9,1.87,6,2915:23,174923
https://en.khl.ru/players/16644/,Stefan Liv,Goalie,Regular season,39,0,0,0,1002,19,16,2,84,918,91.6,2.21,4,2282:27,136947
https://en.khl.ru/players/16644/,Stefan Liv,Goalie,Playoffs,3,0,0,0,107,0,3,0,13,94,87.9,4.75,0,164:14,9854
https://en.khl.ru/players/16644/,Stefan Liv,Goalie,KHL Total,42,0,0,0,1109,19,19,2,97,1012,91.3,2.38,4,2446:41,146801
https://en.khl.ru/players/17102/,Edgars Lusins,Goalie,Regular season,4,0,0,0,78,1,2,1,8,70,89.7,2.63,0,182:10,10930
https://en.khl.ru/players/17102/,Edgars Lusins,Goalie,KHL Total,4,0,0,0,78,1,2,1,8,70,89.7,2.63,0,182:10,10930
https://en.khl.ru/players/13711/,Marc Lamothe,Goalie,Regular season,15,0,1,2,394,4,7,1,47,347,88.1,4.1,0,686:59,41219
https://en.khl.ru/players/13711/,Marc Lamothe,Goalie,KHL Total,15,0,1,2,394,4,7,1,47,347,88.1,4.1,0,686:59,41219
https://en.khl.ru/players/21134/,Jan Lukas,Goalie,Regular season,1,0,0,0,12,0,0,0,1,11,91.7,1.52,0,39:36,2376
https://en.khl.ru/players/21134/,Jan Lukas,Goalie,KHL Total,1,0,0,0,12,0,0,0,1,11,91.7,1.52,0,39:36,2376
https://en.khl.ru/players/23432/,Joel Lassinantti,Goalie,Regular season,15,0,0,0,408,3,11,1,45,363,89.0,3.13,1,863:55,51835
https://en.khl.ru/players/23432/,Joel Lassinantti,Goalie,KHL Total,15,0,0,0,408,3,11,1,45,363,89.0,3.13,1,863:55,51835
https://en.khl.ru/players/13150/,Jan Lasak,Goalie,Regular season,73,0,1,24,2096,31,31,8,189,1907,91.0,2.67,4,4251:22,255082
https://en.khl.ru/players/13150/,Jan Lasak,Goalie,Playoffs,4,0,0,0,127,1,2,0,10,117,92.1,2.52,0,238:18,14298
https://en.khl.ru/players/13150/,Jan Lasak,Goalie,KHL Total,77,0,1,24,2223,32,33,8,199,2024,91.0,2.66,4,4489:40,269380
https://en.khl.ru/players/17536/,Teemu Lassila,Goalie,Regular season,83,0,3,34,2094,30,31,6,188,1906,91.0,2.53,6,4464:11,267851
https://en.khl.ru/players/17536/,Teemu Lassila,Goalie,KHL Total,83,0,3,34,2094,30,31,6,188,1906,91.0,2.53,6,4464:11,267851
https://en.khl.ru/players/17149/,Kevin Lalande,Goalie,Regular season,161,0,0,4,4134,55,74,18,386,3748,90.7,2.65,15,8752:12,525132
https://en.khl.ru/players/17149/,Kevin Lalande,Goalie,Playoffs,14,0,1,0,297,6,5,0,24,273,91.9,1.94,2,742:27,44547
https://en.khl.ru/players/17149/,Kevin Lalande,Goalie,KHL Total,175,0,1,4,4431,61,79,18,410,4021,90.7,2.59,17,9494:39,569679
https://en.khl.ru/players/35315/,Reinis Liepins,Goalie,Regular season,2,0,0,0,15,0,1,0,2,13,86.7,4.16,0,28:52,1732
https://en.khl.ru/players/35315/,Reinis Liepins,Goalie,KHL Total,2,0,0,0,15,0,1,0,2,13,86.7,4.16,0,28:52,1732
https://en.khl.ru/players/14380/,Ivan Lisutin,Goalie,Regular season,230,0,2,49,6455,71,103,28,524,5931,91.9,2.51,16,12527:58,751678
https://en.khl.ru/players/14380/,Ivan Lisutin,Goalie,Playoffs,6,0,0,0,203,1,4,0,21,182,89.7,3.82,0,329:59,19799
https://en.khl.ru/players/14380/,Ivan Lisutin,Goalie,KHL Total,236,0,2,49,6658,72,107,28,545,6113,91.8,2.54,16,12857:57,771477
https://en.khl.ru/players/17680/,Jan Laco,Goalie,Regular season,151,0,4,6,4526,59,63,20,367,4159,91.9,2.52,12,8749:43,524983
https://en.khl.ru/players/17680/,Jan Laco,Goalie,Playoffs,15,0,0,0,395,6,7,0,23,372,94.2,1.73,2,799:48,47988
https://en.khl.ru/players/17680/,Jan Laco,Goalie,KHL Total,166,0,4,6,4921,65,70,20,390,4531,92.1,2.45,14,9549:31,572971
https://en.khl.ru/players/23374/,David LeNeveu,Goalie,Regular season,1,0,0,0,7,0,1,0,2,5,71.4,13.87,0,8:39,519
https://en.khl.ru/players/23374/,David LeNeveu,Goalie,KHL Total,1,0,0,0,7,0,1,0,2,5,71.4,13.87,0,8:39,519
https://en.khl.ru/players/15737/,Nikita Lozhkin,Goalie,Regular season,37,0,1,6,758,8,15,5,75,683,90.1,3.03,0,1484:53,89093
https://en.khl.ru/players/15737/,Nikita Lozhkin,Goalie,KHL Total,37,0,1,6,758,8,15,5,75,683,90.1,3.03,0,1484:53,89093
https://en.khl.ru/players/21498/,Joakim Lundstrom,Goalie,Regular season,19,0,0,0,588,6,9,0,50,538,91.5,2.74,2,1094:14,65654
https://en.khl.ru/players/21498/,Joakim Lundstrom,Goalie,KHL Total,19,0,0,0,588,6,9,0,50,538,91.5,2.74,2,1094:14,65654
https://en.khl.ru/players/1/,Evgeny Lobanov,Goalie,Regular season,92,0,0,4,2581,23,44,11,248,2333,90.4,3.08,5,4838:12,290292
https://en.khl.ru/players/1/,Evgeny Lobanov,Goalie,KHL Total,92,0,0,4,2581,23,44,11,248,2333,90.4,3.08,5,4838:12,290292
https://en.khl.ru/players/22127/,Anders Lindback,Goalie,Regular season,59,0,0,16,1708,27,26,2,134,1574,92.2,2.42,3,3324:06,199446
https://en.khl.ru/players/22127/,Anders Lindback,Goalie,Playoffs,5,0,0,0,168,0,5,0,16,152,90.5,3.05,0,315:13,18913
https://en.khl.ru/players/22127/,Anders Lindback,Goalie,KHL Total,64,0,0,16,1876,27,31,2,150,1726,92.0,2.47,3,3639:19,218359
https://en.khl.ru/players/14674/,Alexander Lazushin,Goalie,Regular season,271,0,5,18,6731,99,111,33,556,6175,91.7,2.41,24,13824:23,829463
https://en.khl.ru/players/14674/,Alexander Lazushin,Goalie,Playoffs,17,0,0,0,349,5,8,0,28,321,92.0,2.14,2,785:35,47135
https://en.khl.ru/players/14674/,Alexander Lazushin,Goalie,KHL Total,288,0,5,18,7080,104,119,33,584,6496,91.8,2.4,26,14609:58,876598
https://en.khl.ru/players/19713/,Marek Langhamer,Goalie,Regular season,71,0,1,22,2026,25,35,4,156,1870,92.3,2.36,4,3968:23,238103
https://en.khl.ru/players/19713/,Marek Langhamer,Goalie,KHL Total,71,0,1,22,2026,25,35,4,156,1870,92.3,2.36,4,3968:23,238103
https://en.khl.ru/players/15258/,Ervins Mustukovs,Goalie,Regular season,2,0,0,0,42,0,1,0,4,38,90.5,3.0,0,80:00,4800
https://en.khl.ru/players/15258/,Ervins Mustukovs,Goalie,KHL Total,2,0,0,0,42,0,1,0,4,38,90.5,3.0,0,80:00,4800
https://en.khl.ru/players/16456/,Timur Mamedov,Goalie,Regular season,1,0,0,0,12,0,0,0,3,9,75.0,6.24,0,28:50,1730
https://en.khl.ru/players/16456/,Timur Mamedov,Goalie,KHL Total,1,0,0,0,12,0,0,0,3,9,75.0,6.24,0,28:50,1730
https://en.khl.ru/players/13953/,Alexei Murygin,Goalie,Regular season,267,0,6,2,7470,100,118,25,583,6887,92.2,2.36,27,14835:22,890122
https://en.khl.ru/players/13953/,Alexei Murygin,Goalie,Playoffs,23,0,0,0,672,10,12,0,54,618,92.0,2.39,0,1356:47,81407
https://en.khl.ru/players/13953/,Alexei Murygin,Goalie,KHL Total,290,0,6,2,8142,110,130,25,637,7505,92.2,2.36,27,16192:09,971529
https://en.khl.ru/players/28900/,Marek Mazanec,Goalie,Regular season,23,0,0,6,733,4,15,2,73,660,90.0,3.4,0,1289:44,77384
https://en.khl.ru/players/28900/,Marek Mazanec,Goalie,KHL Total,23,0,0,6,733,4,15,2,73,660,90.0,3.4,0,1289:44,77384
https://en.khl.ru/players/15356/,Andrei Maslakov,Goalie,Regular season,1,0,0,0,0,0,0,0,0,0,,0.0,0,0:50,50
https://en.khl.ru/players/15356/,Andrei Maslakov,Goalie,KHL Total,1,0,0,0,0,0,0,0,0,0,,0.0,0,0:50,50
https://en.khl.ru/players/23462/,Alexei Melnichuk,Goalie,Regular season,32,0,2,4,820,15,11,3,66,754,92.0,2.19,4,1810:23,108623
https://en.khl.ru/players/23462/,Alexei Melnichuk,Goalie,KHL Total,32,0,2,4,820,15,11,3,66,754,92.0,2.19,4,1810:23,108623
https://en.khl.ru/players/3685/,Sergei Mylnikov,Goalie,Regular season,34,0,0,2,818,4,16,7,91,727,88.9,3.23,0,1689:06,101346
https://en.khl.ru/players/3685/,Sergei Mylnikov,Goalie,KHL Total,34,0,0,2,818,4,16,7,91,727,88.9,3.23,0,1689:06,101346
https://en.khl.ru/players/3896/,Andrei Malkov,Goalie,Regular season,19,0,0,0,333,4,6,4,40,293,88.0,3.01,1,798:04,47884
https://en.khl.ru/players/3896/,Andrei Malkov,Goalie,KHL Total,19,0,0,0,333,4,6,4,40,293,88.0,3.01,1,798:04,47884
https://en.khl.ru/players/16651/,Scott Munroe,Goalie,Regular season,31,0,1,0,664,9,12,2,69,595,89.6,3.03,1,1366:28,81988
https://en.khl.ru/players/16651/,Scott Munroe,Goalie,Playoffs,1,0,0,0,29,0,1,0,4,25,86.2,5.08,0,47:14,2834
https://en.khl.ru/players/16651/,Scott Munroe,Goalie,KHL Total,32,0,1,0,693,9,13,2,73,620,89.5,3.1,1,1413:42,84822
https://en.khl.ru/players/15245/,Dmitry Milchakov,Goalie,Regular season,42,0,1,2,968,12,17,4,79,889,91.8,2.31,1,2047:53,122873
https://en.khl.ru/players/15245/,Dmitry Milchakov,Goalie,Playoffs,4,0,0,0,76,0,3,0,9,67,88.2,3.26,0,165:34,9934
https://en.khl.ru/players/15245/,Dmitry Milchakov,Goalie,KHL Total,46,0,1,2,1044,12,20,4,88,956,91.6,2.39,1,2213:27,132807
https://en.khl.ru/players/35440/,John Muse,Goalie,Regular season,1,0,0,0,18,0,0,0,2,16,88.9,3.79,0,31:38,1898
https://en.khl.ru/players/35440/,John Muse,Goalie,KHL Total,1,0,0,0,18,0,0,0,2,16,88.9,3.79,0,31:38,1898
https://en.khl.ru/players/5224/,Ildar Mukhometov,Goalie,Regular season,1,0,0,0,16,0,1,0,2,14,87.5,3.46,0,34:41,2081
https://en.khl.ru/players/5224/,Ildar Mukhometov,Goalie,KHL Total,1,0,0,0,16,0,1,0,2,14,87.5,3.46,0,34:41,2081
https://en.khl.ru/players/16439/,Adam Munro,Goalie,Regular season,4,0,0,2,60,0,1,1,7,53,88.3,3.5,0,120:03,7203
https://en.khl.ru/players/16439/,Adam Munro,Goalie,KHL Total,4,0,0,2,60,0,1,1,7,53,88.3,3.5,0,120:03,7203
https://en.khl.ru/players/18936/,Michael Murphy,Goalie,Regular season,7,0,0,0,187,1,5,0,23,164,87.7,4.34,0,317:44,19064
https://en.khl.ru/players/18936/,Michael Murphy,Goalie,KHL Total,7,0,0,0,187,1,5,0,23,164,87.7,4.34,0,317:44,19064
https://en.khl.ru/players/11033/,Andrei Mezin,Goalie,Regular season,148,0,4,44,3543,52,54,25,335,3208,90.5,2.57,4,7808:46,468526
https://en.khl.ru/players/11033/,Andrei Mezin,Goalie,Playoffs,11,0,0,0,275,2,7,0,29,246,89.5,3.61,0,482:38,28958
https://en.khl.ru/players/11033/,Andrei Mezin,Goalie,KHL Total,159,0,4,44,3818,54,61,25,364,3454,90.5,2.63,4,8291:24,497484
https://en.khl.ru/players/23698/,Juha Metsola,Goalie,Regular season,288,0,7,26,8086,131,120,28,586,7500,92.8,2.1,28,16714:06,1002846
https://en.khl.ru/players/23698/,Juha Metsola,Goalie,Playoffs,37,0,0,2,1261,19,18,0,78,1183,93.8,2.05,3,2284:16,137056
https://en.khl.ru/players/23698/,Juha Metsola,Goalie,KHL Total,325,0,7,28,9347,150,138,28,664,8683,92.9,2.1,31,18998:22,1139902
https://en.khl.ru/players/16146/,Andrei O. Makarov,Goalie,Regular season,69,0,0,2,1739,23,34,1,157,1582,91.0,2.67,3,3526:08,211568
https://en.khl.ru/players/16146/,Andrei O. Makarov,Goalie,Playoffs,5,0,0,2,109,1,1,0,10,99,90.8,2.71,0,221:29,13289
https://en.khl.ru/players/16146/,Andrei O. Makarov,Goalie,KHL Total,74,0,0,4,1848,24,35,1,167,1681,91.0,2.67,3,3747:37,224857
https://en.khl.ru/players/25702/,Amir Miftakhov,Goalie,Regular season,9,0,0,0,204,4,3,0,18,186,91.2,2.26,1,477:17,28637
https://en.khl.ru/players/25702/,Amir Miftakhov,Goalie,KHL Total,9,0,0,0,204,4,3,0,18,186,91.2,2.26,1,477:17,28637
https://en.khl.ru/players/13698/,Jussi Markkanen,Goalie,Regular season,18,0,1,2,415,10,4,2,38,377,90.8,2.32,1,981:25,58885
https://en.khl.ru/players/13698/,Jussi Markkanen,Goalie,Playoffs,7,0,0,2,166,3,3,0,11,155,93.4,1.74,0,379:16,22756
https://en.khl.ru/players/13698/,Jussi Markkanen,Goalie,KHL Total,25,0,1,4,581,13,7,2,49,532,91.6,2.16,1,1360:41,81641
https://en.khl.ru/players/15451/,Dmitry Malgin,Goalie,Regular season,6,0,0,4,132,2,1,0,9,123,93.2,1.95,1,276:59,16619
https://en.khl.ru/players/15451/,Dmitry Malgin,Goalie,KHL Total,6,0,0,4,132,2,1,0,9,123,93.2,1.95,1,276:59,16619
https://en.khl.ru/players/19091/,Nikolai Molkov,Goalie,Regular season,3,0,0,0,50,0,1,0,5,45,90.0,2.84,0,105:40,6340
https://en.khl.ru/players/19091/,Nikolai Molkov,Goalie,KHL Total,3,0,0,0,50,0,1,0,5,45,90.0,2.84,0,105:40,6340
https://en.khl.ru/players/24799/,Sergei I. Mylnikov,Goalie,Regular season,1,0,0,0,29,1,0,0,2,27,93.1,2.0,0,60:04,3604
https://en.khl.ru/players/24799/,Sergei I. Mylnikov,Goalie,KHL Total,1,0,0,0,29,1,0,0,2,27,93.1,2.0,0,60:04,3604
https://en.khl.ru/players/10905/,Edgars Masalskis,Goalie,Regular season,184,1,1,14,5145,68,76,20,471,4674,90.8,2.83,11,9971:28,598288
https://en.khl.ru/players/10905/,Edgars Masalskis,Goalie,Playoffs,14,0,0,2,380,5,7,0,26,354,93.2,2.06,1,758:53,45533
https://en.khl.ru/players/10905/,Edgars Masalskis,Goalie,KHL Total,198,1,1,16,5525,73,83,20,497,5028,91.0,2.78,12,10730:21,643821
https://en.khl.ru/players/39840/,Zane McIntyre,Goalie,Regular season,6,0,0,2,49,0,2,0,10,39,79.6,4.65,0,129:05,7745
https://en.khl.ru/players/39840/,Zane McIntyre,Goalie,KHL Total,6,0,0,2,49,0,2,0,10,39,79.6,4.65,0,129:05,7745
https://en.khl.ru/players/19137/,Drew MacIntyre,Goalie,Regular season,23,0,0,0,645,9,11,1,50,595,92.2,2.32,4,1293:33,77613
https://en.khl.ru/players/19137/,Drew MacIntyre,Goalie,KHL Total,23,0,0,0,645,9,11,1,50,595,92.2,2.32,4,1293:33,77613
https://en.khl.ru/players/16247/,Sergei Mashkovtsev,Goalie,Regular season,3,0,0,0,11,0,1,1,3,8,72.7,9.59,0,18:46,1126
https://en.khl.ru/players/16247/,Sergei Mashkovtsev,Goalie,KHL Total,3,0,0,0,11,0,1,1,3,8,72.7,9.59,0,18:46,1126
https://en.khl.ru/players/382/,Sergei Magarilov,Goalie,Regular season,42,0,0,4,889,9,20,4,98,791,89.0,2.97,2,1982:19,118939
https://en.khl.ru/players/382/,Sergei Magarilov,Goalie,KHL Total,42,0,0,4,889,9,20,4,98,791,89.0,2.97,2,1982:19,118939
https://en.khl.ru/players/14264/,Tyler Moss,Goalie,Regular season,64,0,0,75,1562,15,25,9,148,1414,90.5,2.84,5,3129:23,187763
https://en.khl.ru/players/14264/,Tyler Moss,Goalie,KHL Total,64,0,0,75,1562,15,25,9,148,1414,90.5,2.84,5,3129:23,187763
https://en.khl.ru/players/14601/,Mika Noronen,Goalie,Regular season,14,0,0,2,281,2,9,2,31,250,89.0,2.61,1,712:50,42770
https://en.khl.ru/players/14601/,Mika Noronen,Goalie,KHL Total,14,0,0,2,281,2,9,2,31,250,89.0,2.61,1,712:50,42770
https://en.khl.ru/players/17553/,Ivan Nalimov,Goalie,Regular season,166,0,5,12,4393,60,73,14,396,3997,91.0,2.63,14,9033:16,541996
https://en.khl.ru/players/17553/,Ivan Nalimov,Goalie,Playoffs,8,0,0,0,170,1,5,0,20,150,88.2,3.55,0,337:47,20267
https://en.khl.ru/players/17553/,Ivan Nalimov,Goalie,KHL Total,174,0,5,12,4563,61,78,14,416,4147,90.9,2.66,14,9371:03,562263
https://en.khl.ru/players/34655/,Antti Niemi,Goalie,Regular season,19,0,0,4,497,3,12,4,58,439,88.3,3.21,1,1084:06,65046
https://en.khl.ru/players/34655/,Antti Niemi,Goalie,Playoffs,1,0,0,0,17,1,0,0,0,17,100.0,0.0,1,60:00,3600
https://en.khl.ru/players/34655/,Antti Niemi,Goalie,KHL Total,20,0,0,4,514,4,12,4,58,456,88.7,3.04,2,1144:06,68646
https://en.khl.ru/players/19405/,Yegor Nazarov,Goalie,Regular season,1,0,0,0,40,1,0,0,4,36,90.0,4.0,0,60:00,3600
https://en.khl.ru/players/19405/,Yegor Nazarov,Goalie,KHL Total,1,0,0,0,40,1,0,0,4,36,90.0,4.0,0,60:00,3600
https://en.khl.ru/players/21465/,Filip Novotny,Goalie,Regular season,4,0,0,2,70,0,1,1,8,62,88.6,4.23,0,113:36,6816
https://en.khl.ru/players/21465/,Filip Novotny,Goalie,KHL Total,4,0,0,2,70,0,1,1,8,62,88.6,4.23,0,113:36,6816
https://en.khl.ru/players/13892/,Evgeny Nabokov,Goalie,Regular season,22,0,0,0,554,8,8,5,62,492,88.8,3.02,2,1230:15,73815
https://en.khl.ru/players/13892/,Evgeny Nabokov,Goalie,KHL Total,22,0,0,0,554,8,8,5,62,492,88.8,3.02,2,1230:15,73815
https://en.khl.ru/players/10842/,Sergejs Naumovs,Goalie,Regular season,29,0,0,2,813,12,12,2,87,726,89.3,3.5,0,1489:53,89393
https://en.khl.ru/players/10842/,Sergejs Naumovs,Goalie,Playoffs,1,0,0,0,9,0,0,0,2,7,77.8,10.1,0,11:53,713
https://en.khl.ru/players/10842/,Sergejs Naumovs,Goalie,KHL Total,30,0,0,2,822,12,12,2,89,733,89.2,3.56,0,1501:46,90106
https://en.khl.ru/players/15588/,Fredrik Norrena,Goalie,Regular season,11,0,0,4,247,6,3,2,17,230,93.1,1.52,1,669:29,40169
https://en.khl.ru/players/15588/,Fredrik Norrena,Goalie,Playoffs,15,0,0,4,362,9,5,1,29,333,92.0,1.95,2,892:23,53543
https://en.khl.ru/players/15588/,Fredrik Norrena,Goalie,KHL Total,26,0,0,8,609,15,8,3,46,563,92.4,1.77,3,1561:52,93712
https://en.khl.ru/players/20689/,Jani Nieminen,Goalie,Regular season,2,0,0,0,59,1,0,0,6,53,89.8,3.6,0,100:00,6000
https://en.khl.ru/players/20689/,Jani Nieminen,Goalie,KHL Total,2,0,0,0,59,1,0,0,6,53,89.8,3.6,0,100:00,6000
https://en.khl.ru/players/26642/,Gleb Nosov,Goalie,Regular season,6,0,0,0,79,0,2,0,7,72,91.1,2.5,0,167:56,10076
https://en.khl.ru/players/26642/,Gleb Nosov,Goalie,KHL Total,6,0,0,0,79,0,2,0,7,72,91.1,2.5,0,167:56,10076
https://en.khl.ru/players/17552/,Anders Nilsson,Goalie,Regular season,38,0,4,2,997,20,9,8,64,933,93.6,1.71,5,2247:52,134872
https://en.khl.ru/players/17552/,Anders Nilsson,Goalie,Playoffs,20,0,0,2,475,13,7,0,31,444,93.5,1.54,6,1206:41,72401
https://en.khl.ru/players/17552/,Anders Nilsson,Goalie,KHL Total,58,0,4,4,1472,33,16,8,95,1377,93.5,1.65,11,3454:33,207273
https://en.khl.ru/players/16172/,Mika Oksa,Goalie,Regular season,5,0,0,0,97,0,2,0,14,83,85.6,3.85,0,218:27,13107
https://en.khl.ru/players/16172/,Mika Oksa,Goalie,KHL Total,5,0,0,0,97,0,2,0,14,83,85.6,3.85,0,218:27,13107
https://en.khl.ru/players/23244/,Alexander Osipkov,Goalie,Regular season,5,0,0,0,137,1,4,0,21,116,84.7,4.55,0,276:42,16602
https://en.khl.ru/players/23244/,Alexander Osipkov,Goalie,KHL Total,5,0,0,0,137,1,4,0,21,116,84.7,4.55,0,276:42,16602
https://en.khl.ru/players/31187/,Joni Ortio,Goalie,Regular season,84,1,2,6,2550,36,38,6,206,2344,91.9,2.54,4,4867:32,292052
https://en.khl.ru/players/31187/,Joni Ortio,Goalie,Playoffs,9,0,1,0,219,2,5,0,24,195,89.0,3.36,0,428:26,25706
https://en.khl.ru/players/31187/,Joni Ortio,Goalie,KHL Total,93,1,3,6,2769,38,43,6,230,2539,91.7,2.61,4,5295:58,317758
https://en.khl.ru/players/4529/,Sergei Ogureshnikov,Goalie,Regular season,11,0,0,0,278,3,2,2,26,252,90.6,2.79,1,559:32,33572
https://en.khl.ru/players/4529/,Sergei Ogureshnikov,Goalie,Playoffs,1,0,0,0,10,0,0,0,0,10,100.0,0.0,0,19:52,1192
https://en.khl.ru/players/4529/,Sergei Ogureshnikov,Goalie,KHL Total,12,0,0,0,288,3,2,2,26,262,91.0,2.69,1,579:24,34764
https://en.khl.ru/players/23335/,Mark Owuya,Goalie,Regular season,13,0,0,0,325,2,6,2,33,292,89.8,2.98,0,664:26,39866
https://en.khl.ru/players/23335/,Mark Owuya,Goalie,KHL Total,13,0,0,0,325,2,6,2,33,292,89.8,2.98,0,664:26,39866
https://en.khl.ru/players/34679/,Juho Olkinuora,Goalie,Regular season,61,0,2,10,1872,30,20,8,128,1744,93.2,2.21,5,3473:16,208396
https://en.khl.ru/players/34679/,Juho Olkinuora,Goalie,Playoffs,7,0,0,2,175,3,3,0,13,162,92.6,2.15,0,362:41,21761
https://en.khl.ru/players/34679/,Juho Olkinuora,Goalie,KHL Total,68,0,2,12,2047,33,23,8,141,1906,93.1,2.21,5,3835:57,230157
https://en.khl.ru/players/17660/,Vadim Orekhov,Goalie,Regular season,1,0,0,0,1,0,0,0,0,1,100.0,0.0,0,0:45,45
https://en.khl.ru/players/17660/,Vadim Orekhov,Goalie,KHL Total,1,0,0,0,1,0,0,0,0,1,100.0,0.0,0,0:45,45
https://en.khl.ru/players/17253/,Justin Peters,Goalie,Regular season,14,0,0,0,306,2,11,0,40,266,86.9,3.48,0,689:55,41395
https://en.khl.ru/players/17253/,Justin Peters,Goalie,KHL Total,14,0,0,0,306,2,11,0,40,266,86.9,3.48,0,689:55,41395
https://en.khl.ru/players/25773/,Kevin Poulin,Goalie,Regular season,14,0,0,2,373,6,6,0,34,339,90.9,2.66,1,767:59,46079
https://en.khl.ru/players/25773/,Kevin Poulin,Goalie,KHL Total,14,0,0,2,373,6,6,0,34,339,90.9,2.66,1,767:59,46079
https://en.khl.ru/players/15815/,Denis Peretyagin,Goalie,Regular season,4,0,0,0,58,0,2,0,4,54,93.1,1.69,0,142:20,8540
https://en.khl.ru/players/15815/,Denis Peretyagin,Goalie,KHL Total,4,0,0,0,58,0,2,0,4,54,93.1,1.69,0,142:20,8540
https://en.khl.ru/players/15519/,Pavel Poluektov,Goalie,Regular season,54,0,0,2,1353,22,16,3,115,1238,91.5,2.84,1,2430:24,145824
https://en.khl.ru/players/15519/,Pavel Poluektov,Goalie,Playoffs,3,0,1,0,86,1,2,0,13,73,84.9,4.97,0,157:03,9423
https://en.khl.ru/players/15519/,Pavel Poluektov,Goalie,KHL Total,57,0,1,2,1439,23,18,3,128,1311,91.1,2.97,1,2587:27,155247
https://en.khl.ru/players/18948/,Tomas Popperle,Goalie,Regular season,83,0,1,6,2255,39,37,4,193,2062,91.4,2.47,8,4688:59,281339
https://en.khl.ru/players/18948/,Tomas Popperle,Goalie,Playoffs,4,0,0,0,117,0,4,0,11,106,90.6,2.34,0,282:10,16930
https://en.khl.ru/players/18948/,Tomas Popperle,Goalie,KHL Total,87,0,1,6,2372,39,41,4,204,2168,91.4,2.46,8,4971:09,298269
https://en.khl.ru/players/34931/,Edward Pasquale,Goalie,Regular season,87,0,5,2,2265,49,29,4,164,2101,92.8,1.97,6,4998:34,299914
https://en.khl.ru/players/34931/,Edward Pasquale,Goalie,Playoffs,16,0,0,0,434,11,5,0,20,414,95.4,1.26,6,955:39,57339
https://en.khl.ru/players/34931/,Edward Pasquale,Goalie,KHL Total,103,0,5,2,2699,60,34,4,184,2515,93.2,1.85,12,5954:13,357253
https://en.khl.ru/players/4817/,Yegor Podomatsky,Goalie,Regular season,4,0,0,0,60,1,2,0,11,49,81.7,4.04,0,163:13,9793
https://en.khl.ru/players/4817/,Yegor Podomatsky,Goalie,KHL Total,4,0,0,0,60,1,2,0,11,49,81.7,4.04,0,163:13,9793
https://en.khl.ru/players/14858/,Alexander Pechursky,Goalie,Regular season,63,0,2,12,1415,13,27,7,127,1288,91.0,2.67,1,2858:10,171490
https://en.khl.ru/players/14858/,Alexander Pechursky,Goalie,Playoffs,1,0,0,0,5,0,0,0,2,3,60.0,8.46,0,14:11,851
https://en.khl.ru/players/14858/,Alexander Pechursky,Goalie,KHL Total,64,0,2,12,1420,13,27,7,129,1291,90.9,2.69,1,2872:21,172341
https://en.khl.ru/players/17252/,Justin Pogge,Goalie,Regular season,23,0,1,18,636,7,13,1,62,574,90.3,3.12,0,1192:15,71535
https://en.khl.ru/players/17252/,Justin Pogge,Goalie,KHL Total,23,0,1,18,636,7,13,1,62,574,90.3,3.12,0,1192:15,71535
https://en.khl.ru/players/14600/,Martin Prusek,Goalie,Regular season,70,0,0,2,1920,25,29,8,174,1746,90.9,2.66,8,3920:43,235243
https://en.khl.ru/players/14600/,Martin Prusek,Goalie,Playoffs,7,0,0,0,206,1,6,0,22,184,89.3,3.5,0,376:52,22612
https://en.khl.ru/players/14600/,Martin Prusek,Goalie,KHL Total,77,0,0,2,2126,26,35,8,196,1930,90.8,2.74,8,4297:35,257855
https://en.khl.ru/players/13871/,Ilya Proskuryakov,Goalie,Regular season,345,1,7,26,7987,134,112,62,674,7313,91.6,2.29,27,17696:36,1061796
https://en.khl.ru/players/13871/,Ilya Proskuryakov,Goalie,Playoffs,26,0,0,4,636,13,8,0,55,581,91.4,2.49,3,1323:09,79389
https://en.khl.ru/players/13871/,Ilya Proskuryakov,Goalie,KHL Total,371,1,7,30,8623,147,120,62,729,7894,91.5,2.3,30,19019:45,1141185
https://en.khl.ru/players/15264/,Dimitri Patzold,Goalie,Regular season,1,0,0,0,29,0,1,0,5,24,82.8,5.8,0,51:43,3103
https://en.khl.ru/players/15264/,Dimitri Patzold,Goalie,KHL Total,1,0,0,0,29,0,1,0,5,24,82.8,5.8,0,51:43,3103
https://en.khl.ru/players/15055/,Alexander Pimankin,Goalie,Regular season,4,0,0,0,86,1,2,0,9,77,89.5,2.76,0,195:37,11737
https://en.khl.ru/players/15055/,Alexander Pimankin,Goalie,Playoffs,1,0,0,0,18,0,0,0,1,17,94.4,1.87,0,32:07,1927
https://en.khl.ru/players/15055/,Alexander Pimankin,Goalie,KHL Total,5,0,0,0,104,1,2,0,10,94,90.4,2.63,0,227:44,13664
https://en.khl.ru/players/20532/,Vladislav Podyapolsky,Goalie,Regular season,185,0,4,22,4812,62,75,29,390,4422,91.9,2.5,9,9378:35,562715
https://en.khl.ru/players/20532/,Vladislav Podyapolsky,Goalie,Playoffs,7,0,0,0,210,1,6,0,20,190,90.5,3.17,0,377:59,22679
https://en.khl.ru/players/20532/,Vladislav Podyapolsky,Goalie,KHL Total,192,0,4,22,5022,63,81,29,410,4612,91.8,2.52,9,9756:34,585394
https://en.khl.ru/players/23624/,Jussi Rynnas,Goalie,Regular season,19,0,0,2,480,7,6,5,38,442,92.1,2.19,3,1041:23,62483
https://en.khl.ru/players/23624/,Jussi Rynnas,Goalie,KHL Total,19,0,0,2,480,7,6,5,38,442,92.1,2.19,3,1041:23,62483
https://en.khl.ru/players/15582/,Eduard Reizvikh,Goalie,Regular season,25,0,0,0,520,7,8,4,57,463,89.0,3.05,2,1122:59,67379
https://en.khl.ru/players/15582/,Eduard Reizvikh,Goalie,KHL Total,25,0,0,0,520,7,8,4,57,463,89.0,3.05,2,1122:59,67379
https://en.khl.ru/players/16102/,Karri Ramo,Goalie,Regular season,191,0,5,24,4938,106,57,23,376,4562,92.4,2.0,19,11263:39,675819
https://en.khl.ru/players/16102/,Karri Ramo,Goalie,Playoffs,56,0,1,8,1464,29,25,0,105,1359,92.8,1.83,7,3439:39,206379
https://en.khl.ru/players/16102/,Karri Ramo,Goalie,KHL Total,247,0,6,32,6402,135,82,23,481,5921,92.5,1.96,26,14703:18,882198
https://en.khl.ru/players/34847/,Adam Reideborn,Goalie,Regular season,65,0,0,2,1562,37,18,7,122,1440,92.2,1.98,6,3703:20,222200
https://en.khl.ru/players/34847/,Adam Reideborn,Goalie,Playoffs,5,0,0,0,112,2,2,0,7,105,93.8,1.68,0,249:28,14968
https://en.khl.ru/players/34847/,Adam Reideborn,Goalie,KHL Total,70,0,0,2,1674,39,20,7,129,1545,92.3,1.96,6,3952:48,237168
https://en.khl.ru/players/20504/,Pekka Rinne,Goalie,Regular season,22,0,0,2,661,9,11,2,68,593,89.7,3.08,1,1326:32,79592
https://en.khl.ru/players/20504/,Pekka Rinne,Goalie,KHL Total,22,0,0,2,661,9,11,2,68,593,89.7,3.08,1,1326:32,79592
https://en.khl.ru/players/15478/,Daniel Sperrle,Goalie,Regular season,5,0,0,0,119,1,3,0,11,108,90.8,2.61,0,252:56,15176
https://en.khl.ru/players/15478/,Daniel Sperrle,Goalie,KHL Total,5,0,0,0,119,1,3,0,11,108,90.8,2.61,0,252:56,15176
https://en.khl.ru/players/4795/,Maxim Sokolov,Goalie,Regular season,89,0,3,14,2396,31,36,15,209,2187,91.3,2.65,4,4724:43,283483
https://en.khl.ru/players/4795/,Maxim Sokolov,Goalie,Playoffs,2,0,0,0,60,0,2,0,5,55,91.7,2.38,0,125:51,7551
https://en.khl.ru/players/4795/,Maxim Sokolov,Goalie,KHL Total,91,0,3,14,2456,31,38,15,214,2242,91.3,2.65,4,4850:34,291034
https://en.khl.ru/players/30261/,Zehao Sun,Goalie,Regular season,2,0,0,0,30,0,0,0,4,26,86.7,4.0,0,59:59,3599
https://en.khl.ru/players/30261/,Zehao Sun,Goalie,KHL Total,2,0,0,0,30,0,0,0,4,26,86.7,4.0,0,59:59,3599
https://en.khl.ru/players/20714/,Alexander Salak,Goalie,Regular season,230,0,5,94,6321,108,82,14,458,5863,92.8,2.1,21,13091:32,785492
https://en.khl.ru/players/20714/,Alexander Salak,Goalie,Playoffs,39,0,0,61,1081,21,16,0,66,1015,93.9,1.8,6,2196:16,131776
https://en.khl.ru/players/20714/,Alexander Salak,Goalie,KHL Total,269,0,5,155,7402,129,98,14,524,6878,92.9,2.06,27,15287:48,917268
https://en.khl.ru/players/19220/,Denis Sinyagin,Goalie,Regular season,9,0,0,0,207,3,2,1,17,190,91.8,2.28,0,447:17,26837
https://en.khl.ru/players/19220/,Denis Sinyagin,Goalie,KHL Total,9,0,0,0,207,3,2,1,17,190,91.8,2.28,0,447:17,26837
https://en.khl.ru/players/16262/,Igor Saprykin,Goalie,Regular season,98,0,1,16,2887,28,43,12,231,2656,92.0,2.72,3,5094:11,305651
https://en.khl.ru/players/16262/,Igor Saprykin,Goalie,Playoffs,4,0,0,0,51,0,2,0,6,45,88.2,4.16,0,86:38,5198
https://en.khl.ru/players/16262/,Igor Saprykin,Goalie,KHL Total,102,0,1,16,2938,28,45,12,237,2701,91.9,2.74,3,5180:49,310849
https://en.khl.ru/players/17083/,Jakub Stepanek,Goalie,Regular season,284,0,5,62,8035,105,129,38,689,7346,91.4,2.51,15,16447:56,986876
https://en.khl.ru/players/17083/,Jakub Stepanek,Goalie,Playoffs,24,0,0,16,607,14,10,0,47,560,92.3,1.95,4,1448:55,86935
https://en.khl.ru/players/17083/,Jakub Stepanek,Goalie,KHL Total,308,0,5,78,8642,119,139,38,736,7906,91.5,2.47,19,17896:51,1073811
https://en.khl.ru/players/14254/,Travis Scott,Goalie,Regular season,14,0,0,4,319,6,5,1,43,276,86.5,3.41,0,755:39,45339
https://en.khl.ru/players/14254/,Travis Scott,Goalie,KHL Total,14,0,0,4,319,6,5,1,43,276,86.5,3.41,0,755:39,45339
https://en.khl.ru/players/20527/,Tyson Sexsmith,Goalie,Regular season,4,0,0,2,63,1,1,0,8,55,87.3,3.28,0,146:23,8783
https://en.khl.ru/players/20527/,Tyson Sexsmith,Goalie,KHL Total,4,0,0,2,63,1,1,0,8,55,87.3,3.28,0,146:23,8783
https://en.khl.ru/players/21305/,Jakub Sedlacek,Goalie,Regular season,124,0,5,14,3396,38,57,17,287,3109,91.5,2.5,10,6893:44,413624
https://en.khl.ru/players/21305/,Jakub Sedlacek,Goalie,Playoffs,5,0,0,0,130,3,2,0,8,122,93.8,1.78,0,270:01,16201
https://en.khl.ru/players/21305/,Jakub Sedlacek,Goalie,KHL Total,129,0,5,14,3526,41,59,17,295,3231,91.6,2.47,10,7163:45,429825
https://en.khl.ru/players/25302/,Ben Scrivens,Goalie,Regular season,90,0,5,50,2388,47,29,10,197,2191,91.8,2.28,12,5172:56,310376
https://en.khl.ru/players/25302/,Ben Scrivens,Goalie,Playoffs,16,0,1,4,450,7,9,0,39,411,91.3,2.55,1,916:19,54979
https://en.khl.ru/players/25302/,Ben Scrivens,Goalie,KHL Total,106,0,6,54,2838,54,38,10,236,2602,91.7,2.33,13,6089:15,365355
https://en.khl.ru/players/16026/,Harri Sateri,Goalie,Regular season,222,0,2,14,6665,93,94,23,517,6148,92.2,2.46,14,12590:32,755432
https://en.khl.ru/players/16026/,Harri Sateri,Goalie,Playoffs,9,0,0,0,340,4,5,0,27,313,92.1,3.21,2,505:16,30316
https://en.khl.ru/players/16026/,Harri Sateri,Goalie,KHL Total,231,0,2,14,7005,97,99,23,544,6461,92.2,2.49,16,13095:48,785748
https://en.khl.ru/players/17800/,Ilya I. Sorokin,Goalie,Regular season,244,0,6,14,5444,134,64,22,383,5061,93.0,1.7,44,13541:10,812470
https://en.khl.ru/players/17800/,Ilya I. Sorokin,Goalie,Playoffs,69,0,4,0,1615,50,17,0,97,1518,94.0,1.37,16,4235:32,254132
https://en.khl.ru/players/17800/,Ilya I. Sorokin,Goalie,KHL Total,313,0,10,14,7059,184,81,22,480,6579,93.2,1.62,60,17776:42,1066602
https://en.khl.ru/players/14473/,Alexei Semyonov,Goalie,Regular season,33,0,0,4,832,6,22,1,80,752,90.4,2.99,1,1605:41,96341
https://en.khl.ru/players/14473/,Alexei Semyonov,Goalie,KHL Total,33,0,0,4,832,6,22,1,80,752,90.4,2.99,1,1605:41,96341
https://en.khl.ru/players/34064/,Timur Shiyanov,Goalie,Regular season,1,0,0,0,27,1,0,0,2,25,92.6,1.93,0,62:20,3740
https://en.khl.ru/players/34064/,Timur Shiyanov,Goalie,KHL Total,1,0,0,0,27,1,0,0,2,25,92.6,1.93,0,62:20,3740
https://en.khl.ru/players/15512/,Alexander Sharychenkov,Goalie,Regular season,180,0,4,10,4489,75,72,18,377,4112,91.6,2.29,11,9857:54,591474
https://en.khl.ru/players/15512/,Alexander Sharychenkov,Goalie,Playoffs,9,0,0,0,132,0,3,0,20,112,84.8,5.01,0,239:32,14372
https://en.khl.ru/players/15512/,Alexander Sharychenkov,Goalie,KHL Total,189,0,4,10,4621,75,75,18,397,4224,91.4,2.36,11,10097:26,605846
https://en.khl.ru/players/16011/,Pavel Suchkov,Goalie,Regular season,3,0,0,0,31,0,0,0,1,30,96.8,0.91,0,66:14,3974
https://en.khl.ru/players/16011/,Pavel Suchkov,Goalie,KHL Total,3,0,0,0,31,0,0,0,1,30,96.8,0.91,0,66:14,3974
https://en.khl.ru/players/25147/,Dmitry Shugayev,Goalie,Regular season,27,0,0,0,625,6,12,3,52,573,91.7,2.36,0,1322:31,79351
https://en.khl.ru/players/25147/,Dmitry Shugayev,Goalie,Playoffs,2,0,0,0,50,0,1,0,4,46,92.0,2.73,0,87:47,5267
https://en.khl.ru/players/25147/,Dmitry Shugayev,Goalie,KHL Total,29,0,0,0,675,6,13,3,56,619,91.7,2.38,0,1410:18,84618
https://en.khl.ru/players/15802/,Vladimir Sokhatsky,Goalie,Regular season,121,0,0,10,3041,46,53,11,277,2764,90.9,2.63,9,6314:02,378842
https://en.khl.ru/players/15802/,Vladimir Sokhatsky,Goalie,Playoffs,11,0,0,0,231,1,5,0,22,209,90.5,2.96,0,446:21,26781
https://en.khl.ru/players/15802/,Vladimir Sokhatsky,Goalie,KHL Total,132,0,0,10,3272,47,58,11,299,2973,90.9,2.65,9,6760:23,405623
https://en.khl.ru/players/34829/,Jeremy Smith,Goalie,Regular season,49,0,2,2,1548,14,26,5,134,1414,91.3,2.89,3,2786:44,167204
https://en.khl.ru/players/34829/,Jeremy Smith,Goalie,KHL Total,49,0,2,2,1548,14,26,5,134,1414,91.3,2.89,3,2786:44,167204
https://en.khl.ru/players/28416/,Vsevolod Skotnikov,Goalie,Regular season,3,0,0,0,60,1,2,0,5,55,91.7,1.94,0,154:43,9283
https://en.khl.ru/players/28416/,Vsevolod Skotnikov,Goalie,KHL Total,3,0,0,0,60,1,2,0,5,55,91.7,1.94,0,154:43,9283
https://en.khl.ru/players/19676/,Alexander Samonov,Goalie,Regular season,66,0,1,6,1726,34,18,7,118,1608,93.2,2.0,7,3542:46,212566
https://en.khl.ru/players/19676/,Alexander Samonov,Goalie,Playoffs,13,0,0,0,310,5,6,0,30,280,90.3,2.78,0,647:03,38823
https://en.khl.ru/players/19676/,Alexander Samonov,Goalie,KHL Total,79,0,1,6,2036,39,24,7,148,1888,92.7,2.12,7,4189:49,251389
https://en.khl.ru/players/15459/,Alexander Sudnitsin,Goalie,Regular season,206,0,1,12,5598,79,81,28,442,5156,92.1,2.37,21,11175:09,670509
https://en.khl.ru/players/15459/,Alexander Sudnitsin,Goalie,Playoffs,17,0,0,0,521,4,12,0,37,484,92.9,2.31,0,960:21,57621
https://en.khl.ru/players/15459/,Alexander Sudnitsin,Goalie,KHL Total,223,0,1,12,6119,83,93,28,479,5640,92.2,2.37,21,12135:30,728130
https://en.khl.ru/players/24697/,Markus Svensson,Goalie,Regular season,61,0,1,4,1507,17,31,2,151,1356,90.0,3.0,3,3023:16,181396
https://en.khl.ru/players/24697/,Markus Svensson,Goalie,KHL Total,61,0,1,4,1507,17,31,2,151,1356,90.0,3.0,3,3023:16,181396
https://en.khl.ru/players/6333/,Konstantin Simchuk,Goalie,Regular season,13,0,1,10,221,1,8,2,34,187,84.6,3.69,0,552:28,33148
https://en.khl.ru/players/6333/,Konstantin Simchuk,Goalie,KHL Total,13,0,1,10,221,1,8,2,34,187,84.6,3.69,0,552:28,33148
https://en.khl.ru/players/18996/,Igor Shestyorkin,Goalie,Regular season,117,0,5,16,2800,80,19,15,183,2617,93.5,1.68,27,6542:35,392555
https://en.khl.ru/players/18996/,Igor Shestyorkin,Goalie,Playoffs,16,0,0,25,296,8,6,0,24,272,91.9,1.92,0,751:05,45065
https://en.khl.ru/players/18996/,Igor Shestyorkin,Goalie,KHL Total,133,0,5,41,3096,88,25,15,207,2889,93.3,1.7,27,7293:40,437620
https://en.khl.ru/players/19099/,Curtis Sanford,Goalie,Regular season,102,0,0,2,2879,45,39,9,208,2671,92.8,2.15,9,5794:10,347650
https://en.khl.ru/players/19099/,Curtis Sanford,Goalie,Playoffs,28,0,0,2,913,13,15,0,61,852,93.3,2.07,2,1768:43,106123
https://en.khl.ru/players/19099/,Curtis Sanford,Goalie,KHL Total,130,0,0,4,3792,58,54,9,269,3523,92.9,2.13,11,7562:53,453773
https://en.khl.ru/players/27876/,Konstantin Shostak,Goalie,Regular season,5,0,0,0,131,0,3,0,16,115,87.8,4.54,0,211:21,12681
https://en.khl.ru/players/27876/,Konstantin Shostak,Goalie,KHL Total,5,0,0,0,131,0,3,0,16,115,87.8,4.54,0,211:21,12681
https://en.khl.ru/players/9475/,Linar Shigapov,Goalie,Regular season,1,0,0,0,5,0,0,0,1,4,80.0,5.52,0,10:52,652
https://en.khl.ru/players/9475/,Linar Shigapov,Goalie,KHL Total,1,0,0,0,5,0,0,0,1,4,80.0,5.52,0,10:52,652
https://en.khl.ru/players/23489/,Niklas Svedberg,Goalie,Regular season,101,0,2,46,2670,43,36,15,247,2423,90.7,2.65,6,5586:16,335176
https://en.khl.ru/players/23489/,Niklas Svedberg,Goalie,Playoffs,24,0,1,10,652,10,14,0,55,597,91.6,2.39,0,1383:02,82982
https://en.khl.ru/players/23489/,Niklas Svedberg,Goalie,KHL Total,125,0,3,56,3322,53,50,15,302,3020,90.9,2.6,6,6969:18,418158
https://en.khl.ru/players/14797/,Dmitry Shikin,Goalie,Regular season,161,0,2,39,4429,49,78,13,384,4045,91.3,2.69,5,8572:30,514350
https://en.khl.ru/players/14797/,Dmitry Shikin,Goalie,Playoffs,9,0,0,2,263,2,4,0,22,241,91.6,3.08,0,429:12,25752
https://en.khl.ru/players/14797/,Dmitry Shikin,Goalie,KHL Total,170,0,2,41,4692,51,82,13,406,4286,91.3,2.71,5,9001:42,540102
https://en.khl.ru/players/15741/,Alexander Skrynnik,Goalie,Regular season,14,0,0,0,316,3,5,2,28,288,91.1,2.85,0,589:17,35357
https://en.khl.ru/players/15741/,Alexander Skrynnik,Goalie,KHL Total,14,0,0,0,316,3,5,2,28,288,91.1,2.85,0,589:17,35357
https://en.khl.ru/players/21097/,Vladislav Sukhachyov,Goalie,Regular season,10,0,0,0,242,2,6,0,24,218,90.1,2.89,1,498:10,29890
https://en.khl.ru/players/21097/,Vladislav Sukhachyov,Goalie,KHL Total,10,0,0,0,242,2,6,0,24,218,90.1,2.89,1,498:10,29890
https://en.khl.ru/players/15220/,Rastislav Stana,Goalie,Regular season,216,0,3,10,5468,88,78,24,459,5009,91.6,2.25,13,12229:09,733749
https://en.khl.ru/players/15220/,Rastislav Stana,Goalie,Playoffs,15,0,0,0,386,6,8,0,34,352,91.2,2.56,0,798:09,47889
https://en.khl.ru/players/15220/,Rastislav Stana,Goalie,KHL Total,231,0,3,10,5854,94,86,24,493,5361,91.6,2.27,13,13027:18,781638
https://en.khl.ru/players/14270/,Adam Svoboda,Goalie,Regular season,8,0,0,0,237,2,5,0,26,211,89.0,3.51,0,444:13,26653
https://en.khl.ru/players/14270/,Adam Svoboda,Goalie,KHL Total,8,0,0,0,237,2,5,0,26,211,89.0,3.51,0,444:13,26653
https://en.khl.ru/players/16218/,Nolan Schaefer,Goalie,Regular season,22,0,3,4,468,6,9,1,49,419,89.5,2.66,1,1106:50,66410
https://en.khl.ru/players/16218/,Nolan Schaefer,Goalie,Playoffs,1,0,0,0,20,0,0,0,2,18,90.0,2.73,0,43:56,2636
https://en.khl.ru/players/16218/,Nolan Schaefer,Goalie,KHL Total,23,0,3,4,488,6,9,1,51,437,89.5,2.66,1,1150:46,69046
https://en.khl.ru/players/17144/,Yan Shelepnyov,Goalie,Regular season,8,0,0,0,112,0,0,1,10,102,91.1,2.78,0,215:37,12937
https://en.khl.ru/players/17144/,Yan Shelepnyov,Goalie,KHL Total,8,0,0,0,112,0,0,1,10,102,91.1,2.78,0,215:37,12937
https://en.khl.ru/players/15487/,Oleg Shilin,Goalie,Regular season,30,0,0,2,593,10,6,5,44,549,92.6,2.03,5,1298:28,77908
https://en.khl.ru/players/15487/,Oleg Shilin,Goalie,Playoffs,3,0,0,0,29,0,1,0,4,25,86.2,3.09,0,77:42,4662
https://en.khl.ru/players/15487/,Oleg Shilin,Goalie,KHL Total,33,0,0,2,622,10,7,5,48,574,92.3,2.09,5,1376:10,82570
https://en.khl.ru/players/15548/,Roman Smiryagin,Goalie,Regular season,28,0,0,0,613,3,17,1,62,551,89.9,2.81,1,1323:11,79391
https://en.khl.ru/players/15548/,Roman Smiryagin,Goalie,KHL Total,28,0,0,0,613,3,17,1,62,551,89.9,2.81,1,1323:11,79391
https://en.khl.ru/players/21010/,Ilya Samsonov,Goalie,Regular season,73,0,0,2,1710,33,16,9,122,1588,92.9,2.2,7,3327:35,199655
https://en.khl.ru/players/21010/,Ilya Samsonov,Goalie,Playoffs,14,0,0,0,261,4,4,0,21,240,92.0,2.13,0,590:31,35431
https://en.khl.ru/players/21010/,Ilya Samsonov,Goalie,KHL Total,87,0,0,2,1971,37,20,9,143,1828,92.7,2.19,7,3918:06,235086
https://en.khl.ru/players/15062/,Andrei Stelmakh,Goalie,Regular season,1,0,0,0,27,0,1,0,2,25,92.6,2.07,0,58:04,3484
https://en.khl.ru/players/15062/,Andrei Stelmakh,Goalie,KHL Total,1,0,0,0,27,0,1,0,2,25,92.6,2.07,0,58:04,3484
https://en.khl.ru/players/20570/,Ivan Starostin,Goalie,Regular season,3,0,0,0,87,1,2,0,9,78,89.7,3.04,0,177:55,10675
https://en.khl.ru/players/20570/,Ivan Starostin,Goalie,KHL Total,3,0,0,0,87,1,2,0,9,78,89.7,3.04,0,177:55,10675
https://en.khl.ru/players/17854/,Nikita Serebryakov,Goalie,Regular season,85,0,5,10,2367,24,40,11,201,2166,91.5,2.88,2,4189:28,251368
https://en.khl.ru/players/17854/,Nikita Serebryakov,Goalie,Playoffs,1,0,0,0,24,0,0,0,3,21,87.5,4.5,0,40:00,2400
https://en.khl.ru/players/17854/,Nikita Serebryakov,Goalie,KHL Total,86,0,5,10,2391,24,40,11,204,2187,91.5,2.89,2,4229:28,253768
https://en.khl.ru/players/17924/,Tuomas Tarkki,Goalie,Regular season,44,0,1,0,1067,18,17,4,106,961,90.1,2.73,1,2331:13,139873
https://en.khl.ru/players/17924/,Tuomas Tarkki,Goalie,KHL Total,44,0,1,0,1067,18,17,4,106,961,90.1,2.73,1,2331:13,139873
https://en.khl.ru/players/22673/,Mate Tomljenovic,Goalie,Regular season,1,0,0,0,9,0,1,0,3,6,66.7,9.0,0,20:00,1200
https://en.khl.ru/players/22673/,Mate Tomljenovic,Goalie,KHL Total,1,0,0,0,9,0,1,0,3,6,66.7,9.0,0,20:00,1200
https://en.khl.ru/players/16223/,Mikael Tellqvist,Goalie,Regular season,105,0,0,12,2860,46,42,9,232,2628,91.9,2.31,5,6026:08,361568
https://en.khl.ru/players/16223/,Mikael Tellqvist,Goalie,Playoffs,9,0,0,2,226,3,3,0,24,202,89.4,3.25,0,443:01,26581
https://en.khl.ru/players/16223/,Mikael Tellqvist,Goalie,KHL Total,114,0,0,14,3086,49,45,9,256,2830,91.7,2.37,5,6469:09,388149
https://en.khl.ru/players/17535/,Pekka Tuokkola,Goalie,Regular season,21,0,0,0,530,4,8,2,48,482,90.9,2.72,2,1060:16,63616
https://en.khl.ru/players/17535/,Pekka Tuokkola,Goalie,KHL Total,21,0,0,0,530,4,8,2,48,482,90.9,2.72,2,1060:16,63616
https://en.khl.ru/players/16012/,Anton Todykov,Goalie,Regular season,26,0,0,0,756,10,12,0,63,693,91.7,2.87,1,1315:05,78905
https://en.khl.ru/players/16012/,Anton Todykov,Goalie,KHL Total,26,0,0,0,756,10,12,0,63,693,91.7,2.87,1,1315:05,78905
https://en.khl.ru/players/20693/,Alexander A. Trushkov,Goalie,Regular season,38,0,1,0,882,7,17,2,89,793,89.9,3.1,0,1722:22,103342
https://en.khl.ru/players/20693/,Alexander A. Trushkov,Goalie,Playoffs,3,0,0,0,52,0,1,0,3,49,94.2,1.71,0,105:03,6303
https://en.khl.ru/players/20693/,Alexander A. Trushkov,Goalie,KHL Total,41,0,1,0,934,7,18,2,92,842,90.1,3.02,0,1827:25,109645
https://en.khl.ru/players/10860/,Vadim Tarasov,Goalie,Regular season,116,0,2,10,2785,42,47,16,282,2503,89.9,2.76,5,6134:51,368091
https://en.khl.ru/players/10860/,Vadim Tarasov,Goalie,Playoffs,1,0,0,0,16,0,0,0,3,13,81.2,4.51,0,39:54,2394
https://en.khl.ru/players/10860/,Vadim Tarasov,Goalie,KHL Total,117,0,2,10,2801,42,47,16,285,2516,89.8,2.77,5,6174:45,370485
https://en.khl.ru/players/24116/,Daniil V. Tarasov,Goalie,Regular season,18,0,0,6,460,11,4,3,35,425,92.4,2.13,2,984:21,59061
https://en.khl.ru/players/24116/,Daniil V. Tarasov,Goalie,Playoffs,2,0,0,0,12,0,0,0,0,12,100.0,0.0,0,44:10,2650
https://en.khl.ru/players/24116/,Daniil V. Tarasov,Goalie,KHL Total,20,0,0,6,472,11,4,3,35,437,92.6,2.04,2,1028:31,61711
https://en.khl.ru/players/18807/,Andrei Tikhomirov,Goalie,Regular season,80,0,2,4,2214,21,38,10,182,2032,91.8,2.69,5,4052:14,243134
https://en.khl.ru/players/18807/,Andrei Tikhomirov,Goalie,Playoffs,6,0,0,0,182,0,6,0,15,167,91.8,2.68,0,336:10,20170
https://en.khl.ru/players/18807/,Andrei Tikhomirov,Goalie,KHL Total,86,0,2,4,2396,21,44,10,197,2199,91.8,2.69,5,4388:24,263304
https://en.khl.ru/players/30237/,Nikita Tolopilo,Goalie,Regular season,9,0,1,0,214,2,5,0,26,188,87.9,3.3,0,473:26,28406
https://en.khl.ru/players/30237/,Nikita Tolopilo,Goalie,KHL Total,9,0,1,0,214,2,5,0,26,188,87.9,3.3,0,473:26,28406
https://en.khl.ru/players/4821/,Boris Tortunov,Goalie,Regular season,21,0,2,42,461,1,14,4,59,402,87.2,3.98,0,890:04,53404
https://en.khl.ru/players/4821/,Boris Tortunov,Goalie,KHL Total,21,0,2,42,461,1,14,4,59,402,87.2,3.98,0,890:04,53404
https://en.khl.ru/players/14288/,Alexander Tryanichev,Goalie,Regular season,1,0,0,0,20,1,0,0,3,17,85.0,3.04,0,59:18,3558
https://en.khl.ru/players/14288/,Alexander Tryanichev,Goalie,KHL Total,1,0,0,0,20,1,0,0,3,17,85.0,3.04,0,59:18,3558
https://en.khl.ru/players/18946/,Iiro Tarkki,Goalie,Regular season,43,0,0,4,1178,21,13,7,103,1075,91.3,2.44,4,2527:43,151663
https://en.khl.ru/players/18946/,Iiro Tarkki,Goalie,Playoffs,14,0,0,0,397,7,7,0,35,362,91.2,2.38,2,881:30,52890
https://en.khl.ru/players/18946/,Iiro Tarkki,Goalie,KHL Total,57,0,0,4,1575,28,20,7,138,1437,91.2,2.43,6,3409:13,204553
https://en.khl.ru/players/21019/,Danny Taylor,Goalie,Regular season,168,0,3,26,4510,60,74,10,386,4124,91.4,2.59,14,8929:13,535753
https://en.khl.ru/players/21019/,Danny Taylor,Goalie,KHL Total,168,0,3,26,4510,60,74,10,386,4124,91.4,2.59,14,8929:13,535753
https://en.khl.ru/players/6152/,Evgeny Tsaregorodtsev,Goalie,Regular season,38,0,0,32,904,10,17,6,90,814,90.0,2.77,0,1948:44,116924
https://en.khl.ru/players/6152/,Evgeny Tsaregorodtsev,Goalie,Playoffs,4,0,0,0,105,0,0,2,11,94,89.5,3.13,1,210:57,12657
https://en.khl.ru/players/6152/,Evgeny Tsaregorodtsev,Goalie,KHL Total,42,0,0,32,1009,10,17,8,101,908,90.0,2.81,1,2159:41,129581
https://en.khl.ru/players/19211/,Maxim Tretyak,Goalie,Regular season,41,0,1,4,1025,8,24,2,110,915,89.3,3.17,1,2082:22,124942
https://en.khl.ru/players/19211/,Maxim Tretyak,Goalie,KHL Total,41,0,1,4,1025,8,24,2,110,915,89.3,3.17,1,2082:22,124942
https://en.khl.ru/players/17562/,Igor Ustinsky,Goalie,Regular season,57,0,0,2,1410,17,19,10,122,1288,91.3,2.51,3,2911:45,174705
https://en.khl.ru/players/17562/,Igor Ustinsky,Goalie,Playoffs,5,0,0,0,155,1,3,0,11,144,92.9,2.37,0,278:14,16694
https://en.khl.ru/players/17562/,Igor Ustinsky,Goalie,KHL Total,62,0,0,2,1565,18,22,10,133,1432,91.5,2.5,3,3189:59,191399
https://en.khl.ru/players/4089/,Alexander Vyukhin,Goalie,Regular season,87,0,1,18,2303,23,47,6,227,2076,90.1,2.92,2,4667:20,280040
https://en.khl.ru/players/4089/,Alexander Vyukhin,Goalie,Playoffs,9,0,0,0,210,3,4,0,19,191,91.0,2.64,0,432:02,25922
https://en.khl.ru/players/4089/,Alexander Vyukhin,Goalie,KHL Total,96,0,1,18,2513,26,51,6,246,2267,90.2,2.89,2,5099:22,305962
https://en.khl.ru/players/14273/,Steve Valiquette,Goalie,Regular season,35,0,0,4,899,9,16,5,93,806,89.7,2.94,2,1896:56,113816
https://en.khl.ru/players/14273/,Steve Valiquette,Goalie,KHL Total,35,0,0,4,899,9,16,5,93,806,89.7,2.94,2,1896:56,113816
https://en.khl.ru/players/14824/,Dmitry Voloshin,Goalie,Regular season,2,0,0,0,24,0,1,0,4,20,83.3,3.63,0,66:07,3967
https://en.khl.ru/players/14824/,Dmitry Voloshin,Goalie,KHL Total,2,0,0,0,24,0,1,0,4,20,83.3,3.63,0,66:07,3967
https://en.khl.ru/players/5652/,Andrei Vasilyev,Goalie,Regular season,25,0,0,0,761,4,17,3,81,680,89.4,3.27,0,1486:48,89208
https://en.khl.ru/players/5652/,Andrei Vasilyev,Goalie,KHL Total,25,0,0,0,761,4,17,3,81,680,89.4,3.27,0,1486:48,89208
https://en.khl.ru/players/14598/,Petri Vehanen,Goalie,Regular season,151,0,2,12,3960,76,47,24,290,3670,92.7,1.97,11,8810:30,528630
https://en.khl.ru/players/14598/,Petri Vehanen,Goalie,Playoffs,63,0,0,2,1841,39,23,0,118,1723,93.6,1.78,9,3985:50,239150
https://en.khl.ru/players/14598/,Petri Vehanen,Goalie,KHL Total,214,0,2,14,5801,115,70,24,408,5393,93.0,1.91,20,12796:20,767780
https://en.khl.ru/players/39616/,Eriks Vitols,Goalie,Regular season,4,0,0,0,71,0,2,0,10,61,85.9,5.41,0,110:58,6658
https://en.khl.ru/players/39616/,Eriks Vitols,Goalie,KHL Total,4,0,0,0,71,0,2,0,10,61,85.9,5.41,0,110:58,6658
https://en.khl.ru/players/31484/,Michal Vojvoda,Goalie,Regular season,3,0,0,0,60,0,2,0,11,49,81.7,4.87,0,135:26,8126
https://en.khl.ru/players/31484/,Michal Vojvoda,Goalie,KHL Total,3,0,0,0,60,0,2,0,11,49,81.7,4.87,0,135:26,8126
https://en.khl.ru/players/25416/,Janis Voris,Goalie,Regular season,18,0,0,0,458,3,12,2,57,401,87.6,3.43,1,995:40,59740
https://en.khl.ru/players/25416/,Janis Voris,Goalie,KHL Total,18,0,0,0,458,3,12,2,57,401,87.6,3.43,1,995:40,59740
https://en.khl.ru/players/6488/,Alexei Volkov,Goalie,Regular season,131,0,3,0,3347,57,46,13,323,3024,90.3,2.7,4,7190:35,431435
https://en.khl.ru/players/6488/,Alexei Volkov,Goalie,Playoffs,4,0,0,0,48,0,1,0,8,40,83.3,5.22,0,91:53,5513
https://en.khl.ru/players/6488/,Alexei Volkov,Goalie,KHL Total,135,0,3,0,3395,57,47,13,331,3064,90.3,2.73,4,7282:28,436948
https://en.khl.ru/players/13709/,Semyon Varlamov,Goalie,Regular season,16,0,1,4,503,8,4,3,27,476,94.6,1.74,3,928:34,55714
https://en.khl.ru/players/13709/,Semyon Varlamov,Goalie,KHL Total,16,0,1,4,503,8,4,3,27,476,94.6,1.74,3,928:34,55714
https://en.khl.ru/players/17242/,Andrei A. Vasilevsky,Goalie,Regular season,36,0,2,2,910,18,9,5,70,840,92.3,2.21,4,1899:13,113953
https://en.khl.ru/players/17242/,Andrei A. Vasilevsky,Goalie,Playoffs,18,0,1,0,572,9,9,0,38,534,93.4,1.99,1,1143:49,68629
https://en.khl.ru/players/17242/,Andrei A. Vasilevsky,Goalie,KHL Total,54,0,3,2,1482,27,18,5,108,1374,92.7,2.13,5,3043:02,182582
https://en.khl.ru/players/21418/,Andrej Vasiljevic,Goalie,Regular season,1,0,0,0,0,0,0,0,0,0,,0.0,0,0:47,47
https://en.khl.ru/players/21418/,Andrej Vasiljevic,Goalie,KHL Total,1,0,0,0,0,0,0,0,0,0,,0.0,0,0:47,47
https://en.khl.ru/players/19080/,Roman Will,Goalie,Regular season,37,0,4,2,950,17,16,3,79,871,91.7,2.3,4,2060:07,123607
https://en.khl.ru/players/19080/,Roman Will,Goalie,Playoffs,2,0,0,0,41,0,1,0,2,39,95.1,1.37,0,87:24,5244
https://en.khl.ru/players/19080/,Roman Will,Goalie,KHL Total,39,0,4,2,991,17,17,3,81,910,91.8,2.26,4,2147:31,128851
https://en.khl.ru/players/13728/,Alexei Yakhin,Goalie,Regular season,39,0,0,0,679,6,13,4,71,608,89.5,3.04,0,1403:01,84181
https://en.khl.ru/players/13728/,Alexei Yakhin,Goalie,Playoffs,1,0,0,0,22,0,1,0,2,20,90.9,2.58,0,46:29,2789
https://en.khl.ru/players/13728/,Alexei Yakhin,Goalie,KHL Total,40,0,0,0,701,6,14,4,73,628,89.6,3.02,0,1449:30,86970
https://en.khl.ru/players/7274/,Vitaly Yeremeyev,Goalie,Regular season,175,1,5,2,4808,88,61,13,409,4399,91.5,2.52,12,9748:27,584907
https://en.khl.ru/players/7274/,Vitaly Yeremeyev,Goalie,Playoffs,39,0,0,0,1100,20,19,0,87,1013,92.1,2.27,1,2302:03,138123
https://en.khl.ru/players/7274/,Vitaly Yeremeyev,Goalie,KHL Total,214,1,5,2,5908,108,80,13,496,5412,91.6,2.47,13,12050:30,723030
https://en.khl.ru/players/16055/,Pyotr Yeryomin,Goalie,Regular season,1,0,0,0,1,0,0,0,1,0,0.0,62.07,0,0:58,58
https://en.khl.ru/players/16055/,Pyotr Yeryomin,Goalie,KHL Total,1,0,0,0,1,0,0,0,1,0,0.0,62.07,0,0:58,58
https://en.khl.ru/players/4611/,Vitaly Yevdokimov,Goalie,Regular season,36,0,2,2,901,18,13,1,89,812,90.1,2.71,3,1969:10,118150
https://en.khl.ru/players/4611/,Vitaly Yevdokimov,Goalie,Playoffs,3,0,0,0,80,0,3,0,13,67,83.8,5.28,0,147:37,8857
https://en.khl.ru/players/4611/,Vitaly Yevdokimov,Goalie,KHL Total,39,0,2,2,981,18,16,1,102,879,89.6,2.89,3,2116:47,127007
https://en.khl.ru/players/3500/,Alexander Yeryomenko,Goalie,Regular season,390,0,6,18,10100,222,88,46,723,9377,92.8,1.98,47,21872:44,1312364
https://en.khl.ru/players/3500/,Alexander Yeryomenko,Goalie,Playoffs,101,0,3,6,2884,64,36,1,193,2691,93.3,1.84,15,6283:30,377010
https://en.khl.ru/players/3500/,Alexander Yeryomenko,Goalie,KHL Total,491,0,9,24,12984,286,124,47,916,12068,92.9,1.95,62,28156:14,1689374
https://en.khl.ru/players/3499/,Alexei Yegorov,Goalie,Regular season,56,0,0,2,1287,10,31,4,147,1140,88.6,3.23,1,2732:56,163976
https://en.khl.ru/players/3499/,Alexei Yegorov,Goalie,KHL Total,56,0,0,2,1287,10,31,4,147,1140,88.6,3.23,1,2732:56,163976
https://en.khl.ru/players/4716/,Dmitry Yachanov,Goalie,Regular season,23,0,1,0,384,9,5,5,30,354,92.2,1.47,6,1225:10,73510
https://en.khl.ru/players/4716/,Dmitry Yachanov,Goalie,KHL Total,23,0,1,0,384,9,5,5,30,354,92.2,1.47,6,1225:10,73510
https://en.khl.ru/players/14754/,Vadim Zhelobnyuk,Goalie,Regular season,8,0,0,0,148,2,2,2,19,129,87.2,3.21,0,355:32,21332
https://en.khl.ru/players/14754/,Vadim Zhelobnyuk,Goalie,KHL Total,8,0,0,0,148,2,2,2,19,129,87.2,3.21,0,355:32,21332
https://en.khl.ru/players/24914/,Ryan Zapolski,Goalie,Regular season,109,0,0,0,2800,54,42,10,243,2557,91.3,2.25,13,6480:42,388842
https://en.khl.ru/players/24914/,Ryan Zapolski,Goalie,Playoffs,11,0,0,0,342,2,8,0,29,313,91.5,2.52,0,690:16,41416
https://en.khl.ru/players/24914/,Ryan Zapolski,Goalie,KHL Total,120,0,0,0,3142,56,50,10,272,2870,91.3,2.28,13,7170:58,430258
https://en.khl.ru/players/19184/,Artyom Zagidulin,Goalie,Regular season,41,0,0,14,789,16,15,3,62,727,92.1,2.11,5,1765:31,105931
https://en.khl.ru/players/19184/,Artyom Zagidulin,Goalie,Playoffs,4,0,0,0,83,1,1,0,6,77,92.8,1.7,0,211:49,12709
https://en.khl.ru/players/19184/,Artyom Zagidulin,Goalie,KHL Total,45,0,0,14,872,17,16,3,68,804,92.2,2.06,5,1977:20,118640
https://en.khl.ru/players/2820/,Sergei Zvyagin,Goalie,Regular season,12,0,0,0,235,4,4,0,27,208,88.5,3.27,0,496:06,29766
https://en.khl.ru/players/2820/,Sergei Zvyagin,Goalie,Playoffs,1,0,0,0,6,0,0,0,0,6,100.0,0.0,0,20:00,1200
https://en.khl.ru/players/2820/,Sergei Zvyagin,Goalie,KHL Total,13,0,0,0,241,4,4,0,27,214,88.8,3.14,0,516:06,30966
https://en.khl.ru/players/14930/,Alexander Zalivin,Goalie,Regular season,6,0,0,0,178,0,3,2,16,162,91.0,3.1,0,309:40,18580
https://en.khl.ru/players/14930/,Alexander Zalivin,Goalie,KHL Total,6,0,0,0,178,0,3,2,16,162,91.0,3.1,0,309:40,18580
