URL,Player name,IDSeason,Season,Team,Date,Teams,Score,№,G,Assists,PTS,+/-,+,-,PIM,ESG,PPG,SHG,OTG,GWG,SDS,SOG,%SOG,FO,FOW,%FO,TOI,SFT,HITS,BLS,FOA
https://en.khl.ru/players/18770/,Konstantin Okulov,244,Regular season 2013/2014,29,18 Sep 2013,Metallurg Mg - Sibir,3:2 ОТ,17,0,0,0,0,0,0,0,0,0,0,0,0,0,0,-,0,0,-,1:53,3.0,,,
https://en.khl.ru/players/18770/,Konstantin Okulov,244,Regular season 2013/2014,29,22 Sep 2013,Neftekhimik - Sibir,4:3,17,0,0,0,0,0,0,0,0,0,0,0,0,0,0,-,0,0,-,-,-,,,
https://en.khl.ru/players/18770/,Konstantin Okulov,244,Regular season 2013/2014,29,24 Sep 2013,Traktor - Sibir,1:0,17,0,0,0,0,0,0,0,0,0,0,0,0,0,0,-,0,0,-,0:17,1.0,,,
https://en.khl.ru/players/18770/,Konstantin Okulov,244,Regular season 2013/2014,29,11 Dec 2013,Avangard - Sibir,3:2,17,0,0,0,0,0,0,0,0,0,0,0,0,0,0,-,1,1,100.0,5:05,7.0,,,
https://en.khl.ru/players/18770/,Konstantin Okulov,244,Regular season 2013/2014,29,13 Dec 2013,Barys - Sibir,3:4,17,0,0,0,0,0,0,0,0,0,0,0,0,0,0,-,0,0,-,-,-,,,
https://en.khl.ru/players/18770/,Konstantin Okulov,244,Regular season 2013/2014,29,29 Jan 2014,Sibir - Neftekhimik,4:0,17,0,0,0,0,0,0,0,0,0,0,0,0,0,0,-,0,0,-,-,-,,,
https://en.khl.ru/players/18770/,Konstantin Okulov,244,Regular season 2013/2014,29,27 Feb 2014,Amur - Sibir,1:2 Б,17,0,0,0,0,0,0,0,0,0,0,0,0,0,0,-,9,7,77.8,13:03,19.0,,,
https://en.khl.ru/players/18770/,Konstantin Okulov,244,Regular season 2013/2014,29,1 Mar 2014,Admiral - Sibir,3:1,17,0,0,0,-1,0,1,0,0,0,0,0,0,0,2,0.0,8,3,37.5,9:02,13.0,,,
https://en.khl.ru/players/18770/,Konstantin Okulov,266,Regular season 2014/2015,29,6 Oct 2014,Sibir - Torpedo,2:3,17,0,0,0,0,0,0,0,0,0,0,0,0,0,0,-,0,0,-,-,-,0.0,0.0,0.0
https://en.khl.ru/players/18770/,Konstantin Okulov,266,Regular season 2014/2015,29,10 Oct 2014,Barys - Sibir,6:3,17,0,0,0,0,0,0,0,0,0,0,0,0,0,0,-,0,0,-,2:34,3.0,0.0,0.0,0.0
https://en.khl.ru/players/18770/,Konstantin Okulov,266,Regular season 2014/2015,29,12 Oct 2014,Salavat Yulaev - Sibir,2:3,17,0,0,0,0,0,0,0,0,0,0,0,0,0,1,0.0,1,1,100.0,1:36,3.0,0.0,0.0,0.0
https://en.khl.ru/players/18770/,Konstantin Okulov,266,Regular season 2014/2015,29,14 Oct 2014,Avangard - Sibir,1:3,17,0,0,0,0,0,0,0,0,0,0,0,0,0,0,-,0,0,-,-,-,0.0,0.0,0.0
https://en.khl.ru/players/18770/,Konstantin Okulov,266,Regular season 2014/2015,29,17 Oct 2014,Sibir - Lokomotiv,1:4,17,0,0,0,0,0,0,0,0,0,0,0,0,0,0,-,0,0,-,3:48,5.0,0.0,0.0,0.0
https://en.khl.ru/players/18770/,Konstantin Okulov,266,Regular season 2014/2015,29,19 Oct 2014,Sibir - Vityaz,2:3,17,1,0,1,1,1,0,0,1,0,0,0,0,0,1,100.0,1,0,0.0,3:22,5.0,0.0,0.0,0.0
https://en.khl.ru/players/18770/,Konstantin Okulov,266,Regular season 2014/2015,29,21 Oct 2014,Sibir - HC Sochi,1:2 ОТ,17,0,0,0,0,0,0,0,0,0,0,0,0,0,0,-,1,0,0.0,3:28,6.0,0.0,1.0,0.0
https://en.khl.ru/players/18770/,Konstantin Okulov,266,Regular season 2014/2015,29,23 Oct 2014,Sibir - OHC Dynamo M,3:5,17,0,0,0,0,0,0,0,0,0,0,0,0,0,1,0.0,0,0,-,2:06,5.0,0.0,0.0,0.0
https://en.khl.ru/players/18770/,Konstantin Okulov,266,Regular season 2014/2015,29,17 Jan 2015,Sibir - Salavat Yulaev,1:4,17,0,0,0,0,0,0,0,0,0,0,0,0,0,0,-,0,0,-,-,-,0.0,0.0,0.0
https://en.khl.ru/players/18770/,Konstantin Okulov,309,Regular season 2015/2016,29,28 Aug 2015,Vityaz - Sibir,1:5,17,0,1,1,1,1,0,0,0,0,0,0,0,0,7,0.0,5,1,20.0,15:21,22.0,0.0,1.0,0.0
https://en.khl.ru/players/18770/,Konstantin Okulov,309,Regular season 2015/2016,29,30 Aug 2015,Medvescak - Sibir,4:2,17,0,0,0,0,0,0,0,0,0,0,0,0,0,6,0.0,8,2,25.0,14:28,18.0,0.0,0.0,0.0
https://en.khl.ru/players/18770/,Konstantin Okulov,309,Regular season 2015/2016,29,1 Sep 2015,Slovan - Sibir,2:3,17,0,1,1,1,1,0,0,0,0,0,0,0,0,2,0.0,5,1,20.0,16:11,19.0,0.0,0.0,0.0
https://en.khl.ru/players/18770/,Konstantin Okulov,309,Regular season 2015/2016,29,4 Sep 2015,Sibir - SKA,5:2,17,0,0,0,0,0,0,0,0,0,0,0,0,0,0,-,4,1,25.0,9:54,15.0,0.0,0.0,0.0
https://en.khl.ru/players/18770/,Konstantin Okulov,309,Regular season 2015/2016,29,6 Sep 2015,Sibir - Spartak,2:1,17,0,0,0,0,0,0,0,0,0,0,0,0,0,0,-,2,0,0.0,9:08,11.0,0.0,0.0,0.0
https://en.khl.ru/players/18770/,Konstantin Okulov,309,Regular season 2015/2016,29,10 Sep 2015,Sibir - Dinamo R,4:1,17,0,0,0,-1,0,1,0,0,0,0,0,0,0,0,-,0,0,-,9:43,13.0,1.0,0.0,0.0
https://en.khl.ru/players/18770/,Konstantin Okulov,309,Regular season 2015/2016,29,14 Sep 2015,Traktor - Sibir,1:2 ОТ,17,0,0,0,-1,0,1,0,0,0,0,0,0,0,3,0.0,8,2,25.0,9:45,14.0,0.0,1.0,0.0
https://en.khl.ru/players/18770/,Konstantin Okulov,309,Regular season 2015/2016,29,18 Sep 2015,Metallurg Mg - Sibir,3:2 Б,17,0,1,1,1,1,0,0,0,0,0,0,0,0,0,-,1,1,100.0,10:38,15.0,0.0,0.0,0.0
https://en.khl.ru/players/18770/,Konstantin Okulov,309,Regular season 2015/2016,29,20 Sep 2015,Salavat Yulaev - Sibir,2:1,17,0,0,0,0,0,0,0,0,0,0,0,0,0,0,-,2,0,0.0,9:37,14.0,0.0,2.0,0.0
https://en.khl.ru/players/18770/,Konstantin Okulov,309,Regular season 2015/2016,29,27 Sep 2015,Sibir - Lada,5:4 Б,17,0,0,0,0,0,0,0,0,0,0,0,0,0,0,-,0,0,-,2:08,4.0,0.0,0.0,0.0
https://en.khl.ru/players/18770/,Konstantin Okulov,309,Regular season 2015/2016,29,6 Oct 2015,Ugra - Sibir,2:1 Б,17,0,0,0,0,0,0,0,0,0,0,0,0,0,2,0.0,6,4,66.7,13:19,19.0,0.0,0.0,0.0
https://en.khl.ru/players/18770/,Konstantin Okulov,309,Regular season 2015/2016,29,8 Oct 2015,Avangard - Sibir,3:2 Б,17,0,0,0,-1,0,1,0,0,0,0,0,0,0,0,-,6,3,50.0,13:25,20.0,0.0,0.0,0.0
https://en.khl.ru/players/18770/,Konstantin Okulov,309,Regular season 2015/2016,29,17 Oct 2015,Sibir - Dinamo Mn,2:3 ОТ,17,0,0,0,0,0,0,0,0,0,0,0,0,0,1,0.0,0,0,-,8:55,11.0,0.0,1.0,0.0
https://en.khl.ru/players/18770/,Konstantin Okulov,309,Regular season 2015/2016,29,26 Oct 2015,Metallurg Nk - Sibir,1:2,17,0,0,0,-1,0,1,0,0,0,0,0,0,0,1,0.0,6,4,66.7,11:44,14.0,1.0,0.0,0.0
https://en.khl.ru/players/18770/,Konstantin Okulov,309,Regular season 2015/2016,29,15 Nov 2015,Metallurg Nk - Sibir,3:1,17,0,1,1,1,1,0,0,0,0,0,0,0,0,1,0.0,8,3,37.5,12:09,15.0,2.0,0.0,0.0
https://en.khl.ru/players/18770/,Konstantin Okulov,309,Regular season 2015/2016,29,19 Nov 2015,Amur - Sibir,0:3,17,0,0,0,1,1,0,0,0,0,0,0,0,0,1,0.0,5,0,0.0,7:34,12.0,0.0,0.0,0.0
https://en.khl.ru/players/18770/,Konstantin Okulov,309,Regular season 2015/2016,29,20 Nov 2015,Amur - Sibir,1:2 Б,17,0,0,0,0,0,0,0,0,0,0,0,0,1,2,0.0,5,2,40.0,10:39,17.0,0.0,1.0,0.0
https://en.khl.ru/players/18770/,Konstantin Okulov,309,Regular season 2015/2016,29,23 Nov 2015,Sibir - Avangard,2:1 ОТ,17,0,0,0,0,0,0,2,0,0,0,0,0,0,3,0.0,11,1,9.1,11:16,18.0,1.0,2.0,0.0
https://en.khl.ru/players/18770/,Konstantin Okulov,309,Regular season 2015/2016,29,28 Nov 2015,CSKA - Sibir,3:1,17,0,0,0,-2,0,2,0,0,0,0,0,0,0,1,0.0,5,2,40.0,9:45,14.0,1.0,0.0,0.0
https://en.khl.ru/players/18770/,Konstantin Okulov,309,Regular season 2015/2016,29,30 Nov 2015,Severstal - Sibir,1:2,17,0,0,0,0,1,1,0,0,0,0,0,0,0,0,-,0,0,-,6:34,13.0,0.0,0.0,0.0
https://en.khl.ru/players/18770/,Konstantin Okulov,309,Regular season 2015/2016,29,2 Dec 2015,Dinamo Mn - Sibir,2:3 ОТ,17,0,0,0,0,0,0,0,0,0,0,0,0,0,2,0.0,0,0,-,9:58,16.0,0.0,0.0,0.0
https://en.khl.ru/players/18770/,Konstantin Okulov,309,Regular season 2015/2016,29,4 Dec 2015,Torpedo - Sibir,3:2 Б,17,0,0,0,0,0,0,0,0,0,0,0,0,0,0,-,0,0,-,5:34,10.0,1.0,1.0,1.0
https://en.khl.ru/players/18770/,Konstantin Okulov,309,Regular season 2015/2016,29,8 Dec 2015,Sibir - Avtomobilist,4:2,17,0,0,0,0,0,0,0,0,0,0,0,0,0,0,-,0,0,-,4:45,8.0,0.0,0.0,0.0
https://en.khl.ru/players/18770/,Konstantin Okulov,309,Regular season 2015/2016,29,10 Dec 2015,Sibir - Ugra,5:2,17,1,0,1,0,1,1,2,1,0,0,0,0,0,5,20.0,0,0,-,10:21,17.0,0.0,0.0,0.0
https://en.khl.ru/players/18770/,Konstantin Okulov,309,Regular season 2015/2016,29,22 Dec 2015,Sibir - Avangard,0:3,17,0,0,0,0,0,0,0,0,0,0,0,0,0,1,0.0,0,0,-,8:13,15.0,0.0,0.0,0.0
https://en.khl.ru/players/18770/,Konstantin Okulov,309,Regular season 2015/2016,29,6 Jan 2016,Sibir - Neftekhimik,2:1,17,0,0,0,0,0,0,0,0,0,0,0,0,0,3,0.0,5,2,40.0,14:07,20.0,0.0,2.0,0.0
https://en.khl.ru/players/18770/,Konstantin Okulov,309,Regular season 2015/2016,29,8 Jan 2016,Sibir - Salavat Yulaev,5:4 Б,17,0,0,0,-1,0,1,0,0,0,0,0,0,0,0,-,1,0,0.0,3:01,4.0,0.0,0.0,0.0
https://en.khl.ru/players/18770/,Konstantin Okulov,309,Regular season 2015/2016,29,15 Jan 2016,Jokerit - Sibir,2:1,17,0,0,0,0,0,0,0,0,0,0,0,0,0,1,0.0,5,1,20.0,7:15,11.0,0.0,0.0,0.0
https://en.khl.ru/players/18770/,Konstantin Okulov,309,Regular season 2015/2016,29,17 Jan 2016,SKA - Sibir,6:2,17,0,0,0,0,0,0,0,0,0,0,0,0,0,0,-,3,0,0.0,7:27,10.0,0.0,0.0,0.0
https://en.khl.ru/players/18770/,Konstantin Okulov,309,Regular season 2015/2016,29,19 Jan 2016,Spartak - Sibir,3:4 Б,17,0,0,0,0,0,0,0,0,0,0,0,0,0,2,0.0,6,4,66.7,13:26,19.0,1.0,0.0,0.0
https://en.khl.ru/players/18770/,Konstantin Okulov,309,Regular season 2015/2016,29,21 Jan 2016,Dinamo R - Sibir,2:0,17,0,0,0,0,0,0,0,0,0,0,0,0,0,0,-,4,2,50.0,13:31,21.0,0.0,2.0,0.0
https://en.khl.ru/players/18770/,Konstantin Okulov,309,Regular season 2015/2016,29,25 Jan 2016,Sibir - OHC Dynamo M,2:3 Б,17,0,0,0,0,0,0,0,0,0,0,0,0,0,1,0.0,3,0,0.0,8:16,13.0,0.0,0.0,1.0
https://en.khl.ru/players/18770/,Konstantin Okulov,309,Regular season 2015/2016,29,27 Jan 2016,Sibir - Vityaz,5:2,17,0,0,0,0,0,0,0,0,0,0,0,0,0,2,0.0,1,1,100.0,9:30,12.0,0.0,0.0,0.0
https://en.khl.ru/players/18770/,Konstantin Okulov,309,Regular season 2015/2016,29,29 Jan 2016,Sibir - Medvescak,6:0,17,0,1,1,2,2,0,0,0,0,0,0,0,0,2,0.0,2,1,50.0,12:31,17.0,2.0,1.0,0.0
https://en.khl.ru/players/18770/,Konstantin Okulov,309,Regular season 2015/2016,29,31 Jan 2016,Sibir - Slovan,3:2,17,0,0,0,0,0,0,0,0,0,0,0,0,0,0,-,1,0,0.0,7:12,10.0,0.0,0.0,1.0
https://en.khl.ru/players/18770/,Konstantin Okulov,309,Regular season 2015/2016,29,3 Feb 2016,Ak Bars - Sibir,2:1,17,0,0,0,0,0,0,0,0,0,0,0,0,0,0,-,1,0,0.0,5:09,9.0,0.0,0.0,0.0
https://en.khl.ru/players/18770/,Konstantin Okulov,309,Regular season 2015/2016,29,5 Feb 2016,Lada - Sibir,2:1 ОТ,17,0,0,0,0,0,0,0,0,0,0,0,0,0,0,-,4,2,50.0,9:31,14.0,1.0,0.0,0.0
https://en.khl.ru/players/18770/,Konstantin Okulov,309,Regular season 2015/2016,29,16 Feb 2016,Avangard - Sibir,2:3 Б,17,0,0,0,0,0,0,0,0,0,0,0,0,0,0,-,3,1,33.3,10:16,17.0,0.0,0.0,1.0
https://en.khl.ru/players/18770/,Konstantin Okulov,309,Regular season 2015/2016,29,18 Feb 2016,Sibir - Metallurg Nk,3:0,17,0,0,0,0,0,0,0,0,0,0,0,0,0,0,-,3,2,66.7,8:47,15.0,0.0,0.0,1.0
https://en.khl.ru/players/18770/,Konstantin Okulov,310,Playoffs 2015/2016,29,22 Feb 2016,Sibir - Admiral,4:2,17,0,1,1,1,1,0,4,0,0,0,0,0,0,0,-,3,2,66.7,8:58,15.0,0.0,2.0,0.0
https://en.khl.ru/players/18770/,Konstantin Okulov,310,Playoffs 2015/2016,29,24 Feb 2016,Sibir - Admiral,4:0,17,0,1,1,1,1,0,0,0,0,0,0,0,0,1,0.0,7,1,14.3,11:12,17.0,0.0,2.0,0.0
https://en.khl.ru/players/18770/,Konstantin Okulov,310,Playoffs 2015/2016,29,26 Feb 2016,Admiral - Sibir,1:3,17,1,0,1,1,1,0,0,1,0,0,0,0,0,2,50.0,5,2,40.0,12:31,20.0,1.0,2.0,0.0
https://en.khl.ru/players/18770/,Konstantin Okulov,310,Playoffs 2015/2016,29,28 Feb 2016,Admiral - Sibir,2:0,17,0,0,0,0,0,0,0,0,0,0,0,0,0,1,0.0,6,0,0.0,12:07,17.0,1.0,0.0,0.0
https://en.khl.ru/players/18770/,Konstantin Okulov,310,Playoffs 2015/2016,29,1 Mar 2016,Sibir - Admiral,4:0,17,1,0,1,2,2,0,0,1,0,0,0,0,0,1,100.0,3,0,0.0,10:38,15.0,0.0,2.0,0.0
https://en.khl.ru/players/18770/,Konstantin Okulov,310,Playoffs 2015/2016,29,8 Mar 2016,Metallurg Mg - Sibir,3:1,17,0,0,0,0,0,0,0,0,0,0,0,0,0,2,0.0,0,0,-,10:15,14.0,0.0,0.0,0.0
https://en.khl.ru/players/18770/,Konstantin Okulov,310,Playoffs 2015/2016,29,10 Mar 2016,Metallurg Mg - Sibir,1:3,17,0,0,0,0,0,0,0,0,0,0,0,0,0,0,-,1,0,0.0,4:03,7.0,0.0,0.0,0.0
https://en.khl.ru/players/18770/,Konstantin Okulov,310,Playoffs 2015/2016,29,12 Mar 2016,Sibir - Metallurg Mg,1:5,17,0,0,0,0,0,0,0,0,0,0,0,0,0,0,-,8,1,12.5,9:41,15.0,0.0,0.0,0.0
https://en.khl.ru/players/18770/,Konstantin Okulov,310,Playoffs 2015/2016,29,16 Mar 2016,Metallurg Mg - Sibir,2:1,17,0,0,0,0,0,0,0,0,0,0,0,0,0,3,0.0,5,3,60.0,11:26,18.0,2.0,0.0,0.0
https://en.khl.ru/players/18770/,Konstantin Okulov,405,Regular season 2016/2017,29,23 Aug 2016,Sibir - Avtomobilist,3:5,17,0,0,0,1,1,0,0,0,0,0,0,0,0,1,0.0,0,0,-,11:16,17.0,0.0,1.0,0.0
https://en.khl.ru/players/18770/,Konstantin Okulov,405,Regular season 2016/2017,29,25 Aug 2016,Sibir - Barys,5:1,17,0,0,0,0,0,0,0,0,0,0,0,0,0,2,0.0,0,0,-,17:37,20.0,0.0,0.0,0.0
https://en.khl.ru/players/18770/,Konstantin Okulov,405,Regular season 2016/2017,29,27 Aug 2016,Sibir - Ugra,2:0,17,0,0,0,0,0,0,0,0,0,0,0,0,0,0,-,0,0,-,13:10,18.0,0.0,1.0,1.0
https://en.khl.ru/players/18770/,Konstantin Okulov,405,Regular season 2016/2017,29,2 Sep 2016,OHC Dynamo M - Sibir,4:1,17,1,0,1,0,1,1,0,1,0,0,0,0,0,1,100.0,0,0,-,13:26,16.0,0.0,0.0,0.0
https://en.khl.ru/players/18770/,Konstantin Okulov,405,Regular season 2016/2017,29,5 Sep 2016,Lokomotiv - Sibir,3:1,17,0,0,0,0,0,0,0,0,0,0,0,0,0,0,-,9,6,66.7,9:22,14.0,0.0,0.0,0.0
https://en.khl.ru/players/18770/,Konstantin Okulov,405,Regular season 2016/2017,29,9 Sep 2016,Sibir - Medvescak,3:0,17,0,1,1,0,0,0,0,0,0,0,0,0,0,3,0.0,1,1,100.0,18:50,23.0,0.0,0.0,0.0
https://en.khl.ru/players/18770/,Konstantin Okulov,405,Regular season 2016/2017,29,11 Sep 2016,Sibir - Ugra,7:1,17,1,1,2,3,3,0,0,1,0,0,0,0,0,6,16.7,0,0,-,19:57,20.0,0.0,0.0,1.0
https://en.khl.ru/players/18770/,Konstantin Okulov,405,Regular season 2016/2017,29,13 Sep 2016,Sibir - Slovan,3:2 Б,17,0,1,1,1,1,0,0,0,0,0,0,0,1,3,0.0,0,0,-,17:50,21.0,0.0,2.0,0.0
https://en.khl.ru/players/18770/,Konstantin Okulov,405,Regular season 2016/2017,29,17 Sep 2016,Dinamo R - Sibir,3:4,17,1,0,1,0,1,1,0,1,0,0,0,0,0,1,100.0,0,0,-,17:51,20.0,1.0,2.0,1.0
https://en.khl.ru/players/18770/,Konstantin Okulov,405,Regular season 2016/2017,29,19 Sep 2016,Jokerit - Sibir,0:4,17,0,0,0,0,0,0,0,0,0,0,0,0,0,2,0.0,0,0,-,17:23,22.0,0.0,0.0,1.0
https://en.khl.ru/players/18770/,Konstantin Okulov,405,Regular season 2016/2017,29,21 Sep 2016,Dinamo Mn - Sibir,5:4 ОТ,17,0,0,0,-2,0,2,0,0,0,0,0,0,0,0,-,0,0,-,14:30,24.0,0.0,1.0,0.0
https://en.khl.ru/players/18770/,Konstantin Okulov,405,Regular season 2016/2017,29,23 Sep 2016,Vityaz - Sibir,3:2 ОТ,17,0,0,0,0,0,0,0,0,0,0,0,0,0,2,0.0,0,0,-,12:28,17.0,1.0,1.0,1.0
https://en.khl.ru/players/18770/,Konstantin Okulov,405,Regular season 2016/2017,29,27 Sep 2016,Sibir - Traktor,2:1 Б,17,0,0,0,0,0,0,0,0,0,0,0,0,0,2,0.0,0,0,-,14:04,20.0,0.0,1.0,0.0
https://en.khl.ru/players/18770/,Konstantin Okulov,405,Regular season 2016/2017,29,29 Sep 2016,Sibir - Metallurg Mg,0:3,17,0,0,0,0,0,0,2,0,0,0,0,0,0,2,0.0,0,0,-,17:34,23.0,0.0,0.0,0.0
https://en.khl.ru/players/18770/,Konstantin Okulov,405,Regular season 2016/2017,29,1 Oct 2016,Sibir - Salavat Yulaev,1:2,17,0,0,0,0,0,0,0,0,0,0,0,0,0,2,0.0,1,0,0.0,14:22,20.0,0.0,1.0,0.0
https://en.khl.ru/players/18770/,Konstantin Okulov,405,Regular season 2016/2017,29,4 Oct 2016,Metallurg Nk - Sibir,3:2,17,0,0,0,0,1,1,0,0,0,0,0,0,0,2,0.0,0,0,-,18:19,23.0,0.0,0.0,0.0
https://en.khl.ru/players/18770/,Konstantin Okulov,405,Regular season 2016/2017,29,6 Oct 2016,Avangard - Sibir,2:1 Б,17,0,0,0,0,0,0,0,0,0,0,0,0,0,2,0.0,4,2,50.0,18:05,24.0,0.0,0.0,0.0
https://en.khl.ru/players/18770/,Konstantin Okulov,405,Regular season 2016/2017,29,8 Oct 2016,Sibir - Metallurg Nk,3:2 ОТ,17,0,1,1,0,1,1,0,0,0,0,0,0,0,3,0.0,13,9,69.2,22:22,24.0,0.0,0.0,0.0
https://en.khl.ru/players/18770/,Konstantin Okulov,405,Regular season 2016/2017,29,11 Oct 2016,Torpedo - Sibir,1:3,17,1,0,1,1,1,0,0,1,0,0,0,1,0,2,50.0,7,4,57.1,17:39,20.0,0.0,0.0,0.0
https://en.khl.ru/players/18770/,Konstantin Okulov,405,Regular season 2016/2017,29,13 Oct 2016,HC Sochi - Sibir,6:2,17,0,0,0,-1,0,1,0,0,0,0,0,0,0,4,0.0,9,2,22.2,16:39,25.0,0.0,1.0,1.0
https://en.khl.ru/players/18770/,Konstantin Okulov,405,Regular season 2016/2017,29,15 Oct 2016,Spartak - Sibir,2:1 Б,17,0,0,0,0,0,0,0,0,0,0,0,0,0,3,0.0,2,0,0.0,19:45,23.0,0.0,0.0,0.0
https://en.khl.ru/players/18770/,Konstantin Okulov,405,Regular season 2016/2017,29,18 Oct 2016,Sibir - SKA,1:2 ОТ,17,0,0,0,0,0,0,0,0,0,0,0,0,0,5,0.0,3,1,33.3,16:18,21.0,0.0,0.0,0.0
https://en.khl.ru/players/18770/,Konstantin Okulov,405,Regular season 2016/2017,29,20 Oct 2016,Sibir - CSKA,3:2 Б,17,1,1,2,-1,0,1,0,0,1,0,0,0,1,2,50.0,17,9,52.9,17:31,25.0,0.0,3.0,0.0
https://en.khl.ru/players/18770/,Konstantin Okulov,405,Regular season 2016/2017,29,22 Oct 2016,Sibir - Severstal,2:4,17,1,0,1,0,0,0,0,0,1,0,0,0,0,1,100.0,12,6,50.0,17:43,19.0,0.0,0.0,0.0
https://en.khl.ru/players/18770/,Konstantin Okulov,405,Regular season 2016/2017,29,26 Oct 2016,Traktor - Sibir,3:2,17,0,0,0,0,0,0,0,0,0,0,0,0,0,2,0.0,7,4,57.1,20:07,23.0,0.0,0.0,1.0
https://en.khl.ru/players/18770/,Konstantin Okulov,405,Regular season 2016/2017,29,28 Oct 2016,Metallurg Mg - Sibir,3:2,17,0,0,0,-2,0,2,0,0,0,0,0,0,0,2,0.0,12,6,50.0,19:14,21.0,0.0,1.0,1.0
https://en.khl.ru/players/18770/,Konstantin Okulov,405,Regular season 2016/2017,29,30 Oct 2016,Salavat Yulaev - Sibir,6:0,17,0,0,0,-2,0,2,0,0,0,0,0,0,0,1,0.0,17,9,52.9,15:35,21.0,0.0,1.0,0.0
https://en.khl.ru/players/18770/,Konstantin Okulov,405,Regular season 2016/2017,29,8 Nov 2016,Sibir - Spartak,0:2,17,0,0,0,0,0,0,0,0,0,0,0,0,0,3,0.0,14,4,28.6,20:46,24.0,0.0,0.0,0.0
https://en.khl.ru/players/18770/,Konstantin Okulov,405,Regular season 2016/2017,29,10 Nov 2016,Sibir - Torpedo,1:4,17,0,0,0,-2,0,2,0,0,0,0,0,0,0,0,-,10,6,60.0,15:29,19.0,0.0,0.0,0.0
https://en.khl.ru/players/18770/,Konstantin Okulov,405,Regular season 2016/2017,29,12 Nov 2016,Sibir - HC Sochi,3:1,17,1,0,1,1,1,0,0,1,0,0,0,1,0,2,50.0,1,1,100.0,11:39,18.0,0.0,0.0,1.0
https://en.khl.ru/players/18770/,Konstantin Okulov,405,Regular season 2016/2017,29,15 Nov 2016,Amur - Sibir,3:4 Б,17,0,0,0,-1,0,1,0,0,0,0,0,0,0,0,-,6,4,66.7,12:49,14.0,0.0,0.0,0.0
https://en.khl.ru/players/18770/,Konstantin Okulov,405,Regular season 2016/2017,29,17 Nov 2016,Admiral - Sibir,0:2,17,0,1,1,1,1,0,0,0,0,0,0,0,0,1,0.0,7,1,14.3,8:20,13.0,0.0,0.0,0.0
https://en.khl.ru/players/18770/,Konstantin Okulov,405,Regular season 2016/2017,29,19 Nov 2016,Kunlun RS - Sibir,3:1,17,0,0,0,0,0,0,0,0,0,0,0,0,0,0,-,9,4,44.4,14:42,20.0,0.0,1.0,0.0
https://en.khl.ru/players/18770/,Konstantin Okulov,405,Regular season 2016/2017,29,22 Nov 2016,Sibir - Ak Bars,1:2,17,0,0,0,0,0,0,0,0,0,0,0,0,0,3,0.0,8,5,62.5,17:33,20.0,0.0,0.0,0.0
https://en.khl.ru/players/18770/,Konstantin Okulov,405,Regular season 2016/2017,29,24 Nov 2016,Sibir - Lada,3:1,17,0,0,0,-1,0,1,0,0,0,0,0,0,0,1,0.0,8,5,62.5,15:45,18.0,0.0,1.0,0.0
https://en.khl.ru/players/18770/,Konstantin Okulov,405,Regular season 2016/2017,29,26 Nov 2016,Sibir - Neftekhimik,2:6,17,0,0,0,-1,0,1,0,0,0,0,0,0,0,2,0.0,1,1,100.0,13:23,17.0,0.0,0.0,0.0
https://en.khl.ru/players/18770/,Konstantin Okulov,405,Regular season 2016/2017,29,28 Nov 2016,Medvescak - Sibir,0:2,17,0,0,0,0,0,0,0,0,0,0,0,0,0,0,-,1,1,100.0,13:58,19.0,0.0,1.0,1.0
https://en.khl.ru/players/18770/,Konstantin Okulov,405,Regular season 2016/2017,29,30 Nov 2016,Slovan - Sibir,2:5,17,3,0,3,3,3,0,0,3,0,0,0,1,0,7,42.9,1,1,100.0,15:46,19.0,0.0,0.0,0.0
https://en.khl.ru/players/18770/,Konstantin Okulov,405,Regular season 2016/2017,29,5 Dec 2016,Sibir - Metallurg Nk,1:2,17,0,0,0,0,1,1,0,0,0,0,0,0,0,4,0.0,1,1,100.0,16:28,23.0,0.0,1.0,0.0
https://en.khl.ru/players/18770/,Konstantin Okulov,405,Regular season 2016/2017,29,7 Dec 2016,Sibir - Avangard,1:3,17,0,1,1,1,1,0,0,0,0,0,0,0,0,2,0.0,1,0,0.0,17:48,21.0,0.0,0.0,1.0
https://en.khl.ru/players/18770/,Konstantin Okulov,405,Regular season 2016/2017,29,19 Dec 2016,Sibir - Dinamo R,2:1,17,0,0,0,0,0,0,0,0,0,0,0,0,0,6,0.0,13,6,46.2,16:37,21.0,0.0,0.0,0.0
https://en.khl.ru/players/18770/,Konstantin Okulov,405,Regular season 2016/2017,29,21 Dec 2016,Sibir - Dinamo Mn,1:3,17,0,0,0,0,0,0,0,0,0,0,0,0,0,4,0.0,11,5,45.5,20:57,24.0,0.0,0.0,0.0
https://en.khl.ru/players/18770/,Konstantin Okulov,405,Regular season 2016/2017,29,23 Dec 2016,Sibir - Jokerit,3:0,17,0,0,0,0,0,0,0,0,0,0,0,0,0,4,0.0,22,7,31.8,19:30,25.0,0.0,2.0,0.0
https://en.khl.ru/players/18770/,Konstantin Okulov,405,Regular season 2016/2017,29,26 Dec 2016,Ugra - Sibir,3:2,17,0,0,0,0,0,0,2,0,0,0,0,0,0,0,-,11,6,54.5,15:34,22.0,0.0,1.0,0.0
https://en.khl.ru/players/18770/,Konstantin Okulov,405,Regular season 2016/2017,29,28 Dec 2016,Metallurg Nk - Sibir,0:1,17,1,0,1,1,1,0,0,1,0,0,0,1,0,6,16.7,11,8,72.7,16:27,22.0,0.0,0.0,0.0
https://en.khl.ru/players/18770/,Konstantin Okulov,405,Regular season 2016/2017,29,3 Jan 2017,Sibir - Lokomotiv,3:2 Б,17,0,0,0,1,1,0,0,0,0,0,0,0,0,2,0.0,16,5,31.2,21:54,28.0,0.0,1.0,0.0
https://en.khl.ru/players/18770/,Konstantin Okulov,405,Regular season 2016/2017,29,5 Jan 2017,Sibir - OHC Dynamo M,2:5,17,0,1,1,0,1,1,2,0,0,0,0,0,0,1,0.0,14,8,57.1,17:37,25.0,0.0,2.0,0.0
https://en.khl.ru/players/18770/,Konstantin Okulov,405,Regular season 2016/2017,29,7 Jan 2017,Sibir - Vityaz,3:2,17,2,0,2,3,3,0,0,2,0,0,0,1,0,5,40.0,20,12,60.0,16:39,26.0,0.0,0.0,0.0
https://en.khl.ru/players/18770/,Konstantin Okulov,405,Regular season 2016/2017,29,11 Jan 2017,Severstal - Sibir,4:3,17,1,0,1,1,2,1,0,1,0,0,0,0,0,2,50.0,17,7,41.2,19:16,25.0,1.0,0.0,1.0
https://en.khl.ru/players/18770/,Konstantin Okulov,405,Regular season 2016/2017,29,13 Jan 2017,CSKA - Sibir,2:1,17,0,0,0,0,1,1,0,0,0,0,0,0,0,2,0.0,18,10,55.6,18:13,25.0,1.0,0.0,0.0
https://en.khl.ru/players/18770/,Konstantin Okulov,405,Regular season 2016/2017,29,15 Jan 2017,SKA - Sibir,6:2,17,1,0,1,1,1,0,0,1,0,0,0,0,0,4,25.0,11,4,36.4,16:54,23.0,0.0,0.0,0.0
https://en.khl.ru/players/18770/,Konstantin Okulov,405,Regular season 2016/2017,29,23 Jan 2017,Neftekhimik - Sibir,0:3,17,0,0,0,0,0,0,0,0,0,0,0,0,0,2,0.0,18,5,27.8,16:37,20.0,0.0,0.0,0.0
https://en.khl.ru/players/18770/,Konstantin Okulov,405,Regular season 2016/2017,29,25 Jan 2017,Ak Bars - Sibir,1:2 ОТ,17,0,1,1,0,1,1,0,0,0,0,0,0,0,5,0.0,18,8,44.4,18:36,27.0,0.0,0.0,0.0
https://en.khl.ru/players/18770/,Konstantin Okulov,405,Regular season 2016/2017,29,27 Jan 2017,Lada - Sibir,1:3,17,0,1,1,1,1,0,0,0,0,0,0,0,0,2,0.0,18,9,50.0,14:37,21.0,0.0,0.0,0.0
https://en.khl.ru/players/18770/,Konstantin Okulov,405,Regular season 2016/2017,29,31 Jan 2017,Sibir - Kunlun RS,1:0,17,0,0,0,0,0,0,0,0,0,0,0,0,0,3,0.0,15,9,60.0,14:36,20.0,0.0,0.0,1.0
https://en.khl.ru/players/18770/,Konstantin Okulov,405,Regular season 2016/2017,29,2 Feb 2017,Sibir - Admiral,5:1,17,1,1,2,1,1,0,0,1,0,0,0,0,0,6,16.7,15,8,53.3,16:07,23.0,0.0,0.0,1.0
https://en.khl.ru/players/18770/,Konstantin Okulov,405,Regular season 2016/2017,29,4 Feb 2017,Sibir - Amur,1:3,17,1,0,1,0,1,1,0,1,0,0,0,0,0,6,16.7,22,11,50.0,20:01,25.0,0.0,0.0,0.0
https://en.khl.ru/players/18770/,Konstantin Okulov,405,Regular season 2016/2017,29,14 Feb 2017,Barys - Sibir,2:1 ОТ,17,0,0,0,-1,0,1,0,0,0,0,0,0,0,4,0.0,14,8,57.1,16:05,23.0,0.0,0.0,0.0
https://en.khl.ru/players/18770/,Konstantin Okulov,405,Regular season 2016/2017,29,16 Feb 2017,Ugra - Sibir,3:2 ОТ,17,0,0,0,0,0,0,0,0,0,0,0,0,0,2,0.0,14,9,64.3,13:57,16.0,0.0,0.0,0.0
https://en.khl.ru/players/18770/,Konstantin Okulov,468,Regular season 2017/2018,2,23 Aug 2017,Lokomotiv - CSKA,1:2 Б,77,0,0,0,0,0,0,0,0,0,0,0,0,0,0,-,4,3,75.0,14:58,21.0,0.0,0.0,0.0
https://en.khl.ru/players/18770/,Konstantin Okulov,468,Regular season 2017/2018,2,25 Aug 2017,HC Dynamo M - CSKA,1:6,77,1,3,4,4,4,0,0,1,0,0,0,0,0,3,33.3,7,5,71.4,15:36,22.0,1.0,0.0,0.0
https://en.khl.ru/players/18770/,Konstantin Okulov,468,Regular season 2017/2018,2,27 Aug 2017,Dinamo Mn - CSKA,1:2 ОТ,77,0,0,0,-1,0,1,2,0,0,0,0,0,0,0,-,4,2,50.0,13:45,22.0,0.0,0.0,0.0
https://en.khl.ru/players/18770/,Konstantin Okulov,468,Regular season 2017/2018,2,3 Sep 2017,CSKA - Sibir,3:1,77,0,1,1,0,0,0,0,0,0,0,0,0,0,2,0.0,0,0,-,15:26,19.0,0.0,1.0,0.0
https://en.khl.ru/players/18770/,Konstantin Okulov,468,Regular season 2017/2018,2,5 Sep 2017,CSKA - Ugra,5:0,77,1,0,1,1,1,0,0,1,0,0,0,1,0,3,33.3,7,6,85.7,16:13,19.0,0.0,0.0,0.0
https://en.khl.ru/players/18770/,Konstantin Okulov,468,Regular season 2017/2018,2,11 Sep 2017,Kunlun RS - CSKA,3:4 ОТ,77,0,0,0,1,1,0,0,0,0,0,0,0,0,4,0.0,7,3,42.9,13:48,17.0,0.0,0.0,0.0
https://en.khl.ru/players/18770/,Konstantin Okulov,468,Regular season 2017/2018,2,13 Sep 2017,Amur - CSKA,2:3 Б,77,0,0,0,0,0,0,0,0,0,0,0,0,0,1,0.0,4,2,50.0,14:15,20.0,1.0,0.0,0.0
https://en.khl.ru/players/18770/,Konstantin Okulov,468,Regular season 2017/2018,2,1 Oct 2017,CSKA - Torpedo,4:0,77,1,1,2,2,2,0,0,1,0,0,0,0,0,2,50.0,1,1,100.0,11:00,20.0,0.0,0.0,0.0
https://en.khl.ru/players/18770/,Konstantin Okulov,468,Regular season 2017/2018,2,3 Oct 2017,CSKA - Dinamo R,3:2 ОТ,77,0,0,0,1,1,0,0,0,0,0,0,0,0,3,0.0,7,4,57.1,15:44,22.0,0.0,0.0,1.0
https://en.khl.ru/players/18770/,Konstantin Okulov,468,Regular season 2017/2018,2,5 Oct 2017,CSKA - Severstal,3:1,77,0,0,0,-1,0,1,0,0,0,0,0,0,0,0,-,4,2,50.0,11:30,20.0,0.0,1.0,1.0
https://en.khl.ru/players/18770/,Konstantin Okulov,468,Regular season 2017/2018,2,9 Oct 2017,CSKA - Lokomotiv,5:2,77,0,1,1,-1,0,1,0,0,0,0,0,0,0,1,0.0,1,1,100.0,12:19,16.0,0.0,1.0,1.0
https://en.khl.ru/players/18770/,Konstantin Okulov,468,Regular season 2017/2018,2,16 Oct 2017,Traktor - CSKA,0:3,77,0,0,0,0,0,0,2,0,0,0,0,0,0,1,0.0,1,0,0.0,12:11,20.0,0.0,0.0,0.0
https://en.khl.ru/players/18770/,Konstantin Okulov,468,Regular season 2017/2018,2,18 Oct 2017,Metallurg Mg - CSKA,2:7,77,0,1,1,0,0,0,0,0,0,0,0,0,0,5,0.0,0,0,-,14:11,20.0,1.0,0.0,0.0
https://en.khl.ru/players/18770/,Konstantin Okulov,468,Regular season 2017/2018,2,23 Oct 2017,CSKA - SKA,2:5,77,0,0,0,0,0,0,0,0,0,0,0,0,0,2,0.0,1,1,100.0,14:10,19.0,0.0,0.0,0.0
https://en.khl.ru/players/18770/,Konstantin Okulov,468,Regular season 2017/2018,2,25 Oct 2017,CSKA - Dinamo Mn,4:1,77,0,0,0,0,0,0,0,0,0,0,0,0,0,1,0.0,1,0,0.0,12:41,19.0,0.0,1.0,1.0
https://en.khl.ru/players/18770/,Konstantin Okulov,468,Regular season 2017/2018,2,1 Nov 2017,Ugra - CSKA,0:5,77,0,0,0,1,1,0,0,0,0,0,0,0,0,2,0.0,1,1,100.0,16:10,18.0,0.0,0.0,0.0
https://en.khl.ru/players/18770/,Konstantin Okulov,468,Regular season 2017/2018,2,3 Nov 2017,Sibir - CSKA,1:5,77,0,1,1,1,1,0,2,0,0,0,0,0,0,3,0.0,0,0,-,13:46,19.0,0.0,0.0,0.0
https://en.khl.ru/players/18770/,Konstantin Okulov,468,Regular season 2017/2018,2,5 Nov 2017,Barys - CSKA,5:3,77,0,0,0,-1,0,1,2,0,0,0,0,0,0,1,0.0,0,0,-,14:07,21.0,0.0,0.0,0.0
https://en.khl.ru/players/18770/,Konstantin Okulov,468,Regular season 2017/2018,2,22 Nov 2017,CSKA - HC Sochi,6:3,77,0,2,2,1,1,0,0,0,0,0,0,0,0,3,0.0,1,0,0.0,16:57,22.0,0.0,0.0,0.0
https://en.khl.ru/players/18770/,Konstantin Okulov,468,Regular season 2017/2018,2,26 Nov 2017,CSKA - Admiral,3:1,77,0,0,0,0,0,0,0,0,0,0,0,0,0,1,0.0,2,1,50.0,15:43,19.0,0.0,1.0,1.0
https://en.khl.ru/players/18770/,Konstantin Okulov,468,Regular season 2017/2018,2,29 Nov 2017,CSKA - Kunlun RS,3:1,77,0,0,0,0,0,0,2,0,0,0,0,0,0,1,0.0,0,0,-,11:27,15.0,0.0,1.0,0.0
https://en.khl.ru/players/18770/,Konstantin Okulov,468,Regular season 2017/2018,2,3 Dec 2017,Severstal - CSKA,0:2,77,0,0,0,0,0,0,0,0,0,0,0,0,0,0,-,3,2,66.7,11:43,14.0,0.0,0.0,0.0
https://en.khl.ru/players/18770/,Konstantin Okulov,468,Regular season 2017/2018,2,5 Dec 2017,Dinamo R - CSKA,0:1,77,0,0,0,0,0,0,0,0,0,0,0,0,0,3,0.0,0,0,-,14:52,19.0,1.0,0.0,0.0
https://en.khl.ru/players/18770/,Konstantin Okulov,468,Regular season 2017/2018,2,11 Dec 2017,CSKA - Barys,4:1,77,1,1,2,3,3,0,0,1,0,0,0,0,0,2,50.0,0,0,-,13:12,18.0,0.0,0.0,0.0
https://en.khl.ru/players/18770/,Konstantin Okulov,468,Regular season 2017/2018,2,19 Dec 2017,CSKA - Traktor,3:1,77,1,0,1,1,1,0,2,1,0,0,0,0,0,2,50.0,0,0,-,18:50,22.0,0.0,0.0,0.0
https://en.khl.ru/players/18770/,Konstantin Okulov,468,Regular season 2017/2018,2,21 Dec 2017,CSKA - Metallurg Mg,1:4,77,0,0,0,0,0,0,2,0,0,0,0,0,0,0,-,0,0,-,3:54,7.0,0.0,0.0,0.0
https://en.khl.ru/players/18770/,Konstantin Okulov,468,Regular season 2017/2018,2,27 Dec 2017,Torpedo - CSKA,1:5,77,1,0,1,1,1,0,0,1,0,0,0,1,0,2,50.0,4,3,75.0,9:40,14.0,1.0,2.0,0.0
https://en.khl.ru/players/18770/,Konstantin Okulov,468,Regular season 2017/2018,2,29 Dec 2017,Lada - CSKA,1:2,77,0,0,0,0,0,0,0,0,0,0,0,0,0,1,0.0,0,0,-,8:31,13.0,0.0,0.0,0.0
https://en.khl.ru/players/18770/,Konstantin Okulov,468,Regular season 2017/2018,2,5 Jan 2018,Vityaz - CSKA,0:7,77,0,1,1,1,1,0,0,0,0,0,0,0,0,3,0.0,13,2,15.4,14:44,16.0,1.0,1.0,0.0
https://en.khl.ru/players/18770/,Konstantin Okulov,468,Regular season 2017/2018,2,7 Jan 2018,Slovan - CSKA,0:3,77,0,1,1,1,1,0,0,0,0,0,0,0,0,1,0.0,5,2,40.0,15:49,25.0,0.0,0.0,0.0
https://en.khl.ru/players/18770/,Konstantin Okulov,468,Regular season 2017/2018,2,9 Jan 2018,CSKA - Avtomobilist,4:3,77,0,0,0,0,0,0,0,0,0,0,0,0,0,0,-,3,1,33.3,10:26,16.0,0.0,0.0,0.0
https://en.khl.ru/players/18770/,Konstantin Okulov,468,Regular season 2017/2018,2,11 Jan 2018,CSKA - Lada,3:0,77,0,0,0,0,0,0,0,0,0,0,0,0,0,0,-,0,0,-,13:30,20.0,0.0,0.0,1.0
https://en.khl.ru/players/18770/,Konstantin Okulov,468,Regular season 2017/2018,2,17 Jan 2018,Neftekhimik - CSKA,1:0,77,0,0,0,0,0,0,0,0,0,0,0,0,0,4,0.0,0,0,-,13:00,19.0,1.0,1.0,0.0
https://en.khl.ru/players/18770/,Konstantin Okulov,468,Regular season 2017/2018,2,19 Jan 2018,Salavat Yulaev - CSKA,2:1,77,0,0,0,0,0,0,0,0,0,0,0,0,0,3,0.0,0,0,-,12:39,16.0,1.0,0.0,0.0
https://en.khl.ru/players/18770/,Konstantin Okulov,468,Regular season 2017/2018,2,23 Jan 2018,Ak Bars - CSKA,6:4,77,0,0,0,-1,0,1,0,0,0,0,0,0,0,3,0.0,0,0,-,10:14,13.0,0.0,1.0,0.0
https://en.khl.ru/players/18770/,Konstantin Okulov,472,Playoffs 2017/2018,2,2 Apr 2018,CSKA - SKA,2:5,77,0,0,0,0,0,0,0,0,0,0,0,0,0,1,0.0,0,0,-,11:45,19.0,1.0,1.0,0.0
https://en.khl.ru/players/18770/,Konstantin Okulov,472,Playoffs 2017/2018,2,6 Apr 2018,SKA - CSKA,0:1,77,0,0,0,0,0,0,0,0,0,0,0,0,0,2,0.0,0,0,-,8:54,11.0,0.0,0.0,0.0
https://en.khl.ru/players/18770/,Konstantin Okulov,472,Playoffs 2017/2018,2,22 Apr 2018,Ak Bars - CSKA,1:0,77,0,0,0,0,0,0,0,0,0,0,0,0,0,1,0.0,0,0,-,11:08,19.0,0.0,0.0,0.0
https://en.khl.ru/players/18770/,Konstantin Okulov,671,Regular season 2018/2019,2,2 Sep 2018,Traktor - CSKA,0:3,71,0,0,0,0,0,0,2,0,0,0,0,0,0,0,-,0,0,-,13:04,18.0,0.0,0.0,0.0
https://en.khl.ru/players/18770/,Konstantin Okulov,671,Regular season 2018/2019,2,4 Sep 2018,Avtomobilist - CSKA,3:1,71,0,0,0,0,0,0,0,0,0,0,0,0,0,2,0.0,0,0,-,11:16,16.0,0.0,0.0,0.0
https://en.khl.ru/players/18770/,Konstantin Okulov,671,Regular season 2018/2019,2,13 Sep 2018,CSKA - Severstal,1:2,71,0,0,0,-1,0,1,0,0,0,0,0,0,0,0,-,0,0,-,8:37,11.0,0.0,0.0,0.0
https://en.khl.ru/players/18770/,Konstantin Okulov,671,Regular season 2018/2019,2,17 Sep 2018,Admiral - CSKA,3:4 ОТ,71,1,0,1,1,1,0,0,1,0,0,0,0,0,3,33.3,0,0,-,11:51,16.0,0.0,0.0,0.0
https://en.khl.ru/players/18770/,Konstantin Okulov,671,Regular season 2018/2019,2,19 Sep 2018,Kunlun RS - CSKA,0:3,71,0,0,0,1,1,0,0,0,0,0,0,0,0,0,-,0,0,-,13:26,16.0,1.0,0.0,0.0
https://en.khl.ru/players/18770/,Konstantin Okulov,671,Regular season 2018/2019,2,21 Sep 2018,Amur - CSKA,0:4,71,0,0,0,0,0,0,0,0,0,0,0,0,0,2,0.0,0,0,-,14:37,19.0,1.0,0.0,1.0
https://en.khl.ru/players/18770/,Konstantin Okulov,671,Regular season 2018/2019,2,25 Sep 2018,CSKA - HC Sochi,2:1 Б,71,1,0,1,1,1,0,0,1,0,0,0,0,0,1,100.0,0,0,-,10:37,18.0,0.0,1.0,0.0
https://en.khl.ru/players/18770/,Konstantin Okulov,671,Regular season 2018/2019,2,27 Sep 2018,CSKA - Spartak,2:1,71,0,0,0,-1,0,1,0,0,0,0,0,0,0,2,0.0,2,2,100.0,12:40,17.0,0.0,0.0,0.0
https://en.khl.ru/players/18770/,Konstantin Okulov,671,Regular season 2018/2019,2,5 Oct 2018,Sibir - CSKA,0:2,71,0,1,1,1,1,0,0,0,0,0,0,0,0,2,0.0,1,1,100.0,13:57,16.0,0.0,0.0,0.0
https://en.khl.ru/players/18770/,Konstantin Okulov,671,Regular season 2018/2019,2,10 Oct 2018,CSKA - HC Dynamo M,5:1,71,0,0,0,1,1,0,0,0,0,0,0,0,0,1,0.0,0,0,-,15:31,18.0,0.0,0.0,1.0
https://en.khl.ru/players/18770/,Konstantin Okulov,671,Regular season 2018/2019,2,12 Oct 2018,CSKA - Admiral,2:1 Б,71,0,1,1,1,1,0,0,0,0,0,0,0,0,2,0.0,1,0,0.0,17:24,23.0,0.0,0.0,0.0
https://en.khl.ru/players/18770/,Konstantin Okulov,671,Regular season 2018/2019,2,14 Oct 2018,CSKA - Amur,5:0,71,0,0,0,0,0,0,0,0,0,0,0,0,0,2,0.0,2,0,0.0,15:40,18.0,0.0,0.0,0.0
https://en.khl.ru/players/18770/,Konstantin Okulov,671,Regular season 2018/2019,2,16 Oct 2018,CSKA - Kunlun RS,3:4,71,2,0,2,1,2,1,0,2,0,0,0,0,0,4,50.0,2,0,0.0,17:42,22.0,0.0,0.0,0.0
https://en.khl.ru/players/18770/,Konstantin Okulov,671,Regular season 2018/2019,2,19 Oct 2018,HC Sochi - CSKA,1:2 Б,71,1,0,1,1,1,0,0,1,0,0,0,0,0,3,33.3,1,0,0.0,16:05,18.0,0.0,0.0,0.0
https://en.khl.ru/players/18770/,Konstantin Okulov,671,Regular season 2018/2019,2,21 Oct 2018,SKA - CSKA,1:2 Б,71,0,0,0,0,0,0,0,0,0,0,0,0,0,4,0.0,1,0,0.0,14:50,19.0,0.0,0.0,0.0
https://en.khl.ru/players/18770/,Konstantin Okulov,671,Regular season 2018/2019,2,26 Oct 2018,Slovan - CSKA,0:9,71,0,1,1,1,1,0,0,0,0,0,0,0,0,3,0.0,0,0,-,11:35,17.0,0.0,1.0,0.0
https://en.khl.ru/players/18770/,Konstantin Okulov,671,Regular season 2018/2019,2,30 Oct 2018,CSKA - Sibir,4:2,71,2,0,2,2,2,0,0,2,0,0,0,1,0,4,50.0,0,0,-,15:58,18.0,0.0,0.0,0.0
https://en.khl.ru/players/18770/,Konstantin Okulov,671,Regular season 2018/2019,2,4 Nov 2018,CSKA - Jokerit,5:0,71,0,1,1,2,2,0,0,0,0,0,0,0,0,1,0.0,0,0,-,12:05,16.0,1.0,0.0,0.0
https://en.khl.ru/players/18770/,Konstantin Okulov,671,Regular season 2018/2019,2,5 Nov 2018,CSKA - SKA,3:1,71,1,0,1,1,1,0,2,1,0,0,0,1,0,4,25.0,0,0,-,15:27,19.0,0.0,1.0,0.0
https://en.khl.ru/players/18770/,Konstantin Okulov,671,Regular season 2018/2019,2,15 Nov 2018,Ak Bars - CSKA,0:5,71,1,1,2,1,1,0,0,1,0,0,0,0,0,2,50.0,1,1,100.0,13:30,16.0,0.0,0.0,0.0
https://en.khl.ru/players/18770/,Konstantin Okulov,671,Regular season 2018/2019,2,17 Nov 2018,Neftekhimik - CSKA,1:2,71,0,0,0,0,0,0,0,0,0,0,0,0,0,1,0.0,0,0,-,14:37,17.0,0.0,0.0,0.0
https://en.khl.ru/players/18770/,Konstantin Okulov,671,Regular season 2018/2019,2,19 Nov 2018,CSKA - Slovan,4:0,71,0,0,0,0,0,0,0,0,0,0,0,0,0,1,0.0,2,1,50.0,13:31,16.0,0.0,0.0,0.0
https://en.khl.ru/players/18770/,Konstantin Okulov,671,Regular season 2018/2019,2,24 Nov 2018,CSKA - SKA,3:1,71,0,0,0,0,0,0,0,0,0,0,0,0,0,0,-,0,0,-,9:42,15.0,0.0,2.0,0.0
https://en.khl.ru/players/18770/,Konstantin Okulov,671,Regular season 2018/2019,2,26 Nov 2018,CSKA - Vityaz,3:1,71,1,0,1,1,1,0,0,1,0,0,0,0,0,3,33.3,0,0,-,15:28,16.0,0.0,0.0,0.0
https://en.khl.ru/players/18770/,Konstantin Okulov,671,Regular season 2018/2019,2,28 Nov 2018,Dinamo R - CSKA,0:5,71,1,0,1,1,1,0,0,1,0,0,0,1,0,2,50.0,8,5,62.5,13:12,17.0,0.0,1.0,0.0
https://en.khl.ru/players/18770/,Konstantin Okulov,671,Regular season 2018/2019,2,1 Dec 2018,Spartak - CSKA,3:4,71,0,0,0,-1,0,1,0,0,0,0,0,0,0,3,0.0,0,0,-,11:44,15.0,0.0,1.0,1.0
https://en.khl.ru/players/18770/,Konstantin Okulov,671,Regular season 2018/2019,2,6 Dec 2018,CSKA - Avangard,3:2,71,0,1,1,0,0,0,0,0,0,0,0,0,0,1,0.0,0,0,-,12:52,19.0,0.0,0.0,0.0
https://en.khl.ru/players/18770/,Konstantin Okulov,671,Regular season 2018/2019,2,9 Dec 2018,CSKA - Salavat Yulaev,3:0,71,1,0,1,1,1,0,0,1,0,0,0,0,0,4,25.0,0,0,-,11:50,16.0,0.0,0.0,0.0
https://en.khl.ru/players/18770/,Konstantin Okulov,671,Regular season 2018/2019,2,18 Dec 2018,Vityaz - CSKA,2:0,71,0,0,0,0,0,0,0,0,0,0,0,0,0,3,0.0,4,1,25.0,18:08,19.0,0.0,0.0,0.0
https://en.khl.ru/players/18770/,Konstantin Okulov,671,Regular season 2018/2019,2,20 Dec 2018,Jokerit - CSKA,4:1,71,0,0,0,-1,0,1,0,0,0,0,0,0,0,1,0.0,1,0,0.0,14:29,22.0,1.0,0.0,0.0
https://en.khl.ru/players/18770/,Konstantin Okulov,671,Regular season 2018/2019,2,22 Dec 2018,SKA - CSKA,1:4,71,0,1,1,1,1,0,0,0,0,0,0,0,0,2,0.0,0,0,-,14:21,17.0,0.0,0.0,0.0
https://en.khl.ru/players/18770/,Konstantin Okulov,671,Regular season 2018/2019,2,24 Dec 2018,CSKA - Neftekhimik,4:3 ОТ,71,0,0,0,0,1,1,0,0,0,0,0,0,0,3,0.0,0,0,-,15:29,20.0,0.0,0.0,0.0
https://en.khl.ru/players/18770/,Konstantin Okulov,671,Regular season 2018/2019,2,28 Dec 2018,CSKA - Ak Bars,4:2,71,0,0,0,0,0,0,0,0,0,0,0,0,0,0,-,0,0,-,15:54,19.0,0.0,0.0,0.0
https://en.khl.ru/players/18770/,Konstantin Okulov,671,Regular season 2018/2019,2,30 Dec 2018,CSKA - Torpedo,2:1,71,0,1,1,0,1,1,0,0,0,0,0,0,0,3,0.0,0,0,-,14:00,18.0,0.0,0.0,0.0
https://en.khl.ru/players/18770/,Konstantin Okulov,671,Regular season 2018/2019,2,4 Jan 2019,Vityaz - CSKA,1:2 ОТ,71,0,1,1,1,1,0,0,0,0,0,0,0,0,0,-,0,0,-,20:03,20.0,0.0,2.0,0.0
https://en.khl.ru/players/18770/,Konstantin Okulov,671,Regular season 2018/2019,2,8 Jan 2019,Lokomotiv - CSKA,1:0,71,0,0,0,0,0,0,0,0,0,0,0,0,0,1,0.0,1,0,0.0,16:16,20.0,0.0,1.0,0.0
https://en.khl.ru/players/18770/,Konstantin Okulov,671,Regular season 2018/2019,2,11 Jan 2019,CSKA - Traktor,6:0,71,2,1,3,2,2,0,0,2,0,0,0,1,0,4,50.0,1,0,0.0,15:57,20.0,0.0,0.0,0.0
https://en.khl.ru/players/18770/,Konstantin Okulov,671,Regular season 2018/2019,2,13 Jan 2019,CSKA - Dinamo Mn,3:0,71,0,1,1,1,1,0,0,0,0,0,0,0,0,5,0.0,0,0,-,15:54,18.0,0.0,1.0,2.0
https://en.khl.ru/players/18770/,Konstantin Okulov,671,Regular season 2018/2019,2,15 Jan 2019,CSKA - Metallurg Mg,3:0,71,0,0,0,0,0,0,0,0,0,0,0,0,0,1,0.0,0,0,-,10:21,16.0,0.0,0.0,0.0
https://en.khl.ru/players/18770/,Konstantin Okulov,671,Regular season 2018/2019,2,17 Jan 2019,CSKA - Avtomobilist,3:0,71,1,0,1,1,1,0,0,1,0,0,0,1,0,2,50.0,0,0,-,13:17,19.0,0.0,1.0,0.0
https://en.khl.ru/players/18770/,Konstantin Okulov,671,Regular season 2018/2019,2,22 Jan 2019,Lokomotiv - CSKA,2:1,71,0,0,0,-1,0,1,2,0,0,0,0,0,0,0,-,0,0,-,9:45,15.0,0.0,0.0,0.0
https://en.khl.ru/players/18770/,Konstantin Okulov,671,Regular season 2018/2019,2,26 Jan 2019,CSKA - Barys,2:5,71,0,0,0,-1,0,1,0,0,0,0,0,0,0,5,0.0,0,0,-,12:32,15.0,0.0,0.0,0.0
https://en.khl.ru/players/18770/,Konstantin Okulov,671,Regular season 2018/2019,2,28 Jan 2019,CSKA - Dinamo Mn,3:2 ОТ,71,0,0,0,0,0,0,0,0,0,0,0,0,0,2,0.0,0,0,-,12:44,15.0,0.0,0.0,0.0
https://en.khl.ru/players/18770/,Konstantin Okulov,671,Regular season 2018/2019,2,31 Jan 2019,CSKA - Ak Bars,5:4,71,1,0,1,0,0,0,0,0,1,0,0,1,0,4,25.0,0,0,-,14:10,21.0,0.0,1.0,0.0
https://en.khl.ru/players/18770/,Konstantin Okulov,671,Regular season 2018/2019,2,4 Feb 2019,Dinamo Mn - CSKA,0:3,71,1,0,1,0,0,0,0,0,1,0,0,1,0,4,25.0,13,7,53.8,16:56,20.0,0.0,0.0,1.0
https://en.khl.ru/players/18770/,Konstantin Okulov,671,Regular season 2018/2019,2,15 Feb 2019,CSKA - Slovan,4:1,71,2,0,2,2,2,0,0,2,0,0,0,0,0,4,50.0,0,0,-,15:13,17.0,0.0,0.0,0.0
https://en.khl.ru/players/18770/,Konstantin Okulov,671,Regular season 2018/2019,2,18 Feb 2019,CSKA - Vityaz,6:1,71,1,0,1,1,1,0,0,1,0,0,0,0,0,5,20.0,0,0,-,16:08,20.0,1.0,0.0,0.0
https://en.khl.ru/players/18770/,Konstantin Okulov,671,Regular season 2018/2019,2,20 Feb 2019,CSKA - Lokomotiv,2:1 Б,71,0,0,0,0,0,0,2,0,0,0,0,0,0,3,0.0,0,0,-,15:00,20.0,0.0,0.0,0.0
https://en.khl.ru/players/18770/,Konstantin Okulov,674,Playoffs 2018/2019,2,26 Feb 2019,CSKA - Vityaz,4:0,71,1,1,2,2,2,0,0,1,0,0,0,0,0,4,25.0,0,0,-,12:46,19.0,0.0,0.0,0.0
https://en.khl.ru/players/18770/,Konstantin Okulov,674,Playoffs 2018/2019,2,28 Feb 2019,CSKA - Vityaz,6:2,71,1,1,2,1,2,1,0,1,0,0,0,0,0,3,33.3,0,0,-,13:55,19.0,0.0,0.0,0.0
https://en.khl.ru/players/18770/,Konstantin Okulov,674,Playoffs 2018/2019,2,2 Mar 2019,Vityaz - CSKA,1:3,71,0,1,1,1,1,0,0,0,0,0,0,0,0,2,0.0,0,0,-,13:43,19.0,0.0,0.0,0.0
https://en.khl.ru/players/18770/,Konstantin Okulov,674,Playoffs 2018/2019,2,4 Mar 2019,Vityaz - CSKA,1:3,71,0,0,0,0,0,0,0,0,0,0,0,0,0,2,0.0,1,0,0.0,14:25,23.0,0.0,1.0,0.0
https://en.khl.ru/players/18770/,Konstantin Okulov,674,Playoffs 2018/2019,2,13 Mar 2019,CSKA - HC Dynamo M,4:1,71,0,2,2,1,1,0,0,0,0,0,0,0,0,4,0.0,0,0,-,13:46,20.0,0.0,0.0,0.0
https://en.khl.ru/players/18770/,Konstantin Okulov,674,Playoffs 2018/2019,2,15 Mar 2019,CSKA - HC Dynamo M,0:1 ОТ,71,0,0,0,0,0,0,0,0,0,0,0,0,0,1,0.0,0,0,-,13:11,17.0,2.0,0.0,0.0
https://en.khl.ru/players/18770/,Konstantin Okulov,674,Playoffs 2018/2019,2,17 Mar 2019,HC Dynamo M - CSKA,0:4,71,2,0,2,1,1,0,0,1,1,0,0,0,0,5,40.0,1,1,100.0,14:20,21.0,0.0,0.0,1.0
https://en.khl.ru/players/18770/,Konstantin Okulov,674,Playoffs 2018/2019,2,19 Mar 2019,HC Dynamo M - CSKA,1:2,71,1,0,1,1,1,0,0,1,0,0,0,0,0,3,33.3,0,0,-,12:40,21.0,0.0,0.0,0.0
https://en.khl.ru/players/18770/,Konstantin Okulov,674,Playoffs 2018/2019,2,21 Mar 2019,CSKA - HC Dynamo M,3:2,71,0,1,1,-1,0,1,0,0,0,0,0,0,0,0,-,1,0,0.0,15:02,19.0,0.0,0.0,0.0
https://en.khl.ru/players/18770/,Konstantin Okulov,674,Playoffs 2018/2019,2,28 Mar 2019,CSKA - SKA,2:1,71,0,0,0,0,0,0,0,0,0,0,0,0,0,1,0.0,0,0,-,9:52,17.0,0.0,0.0,0.0
https://en.khl.ru/players/18770/,Konstantin Okulov,674,Playoffs 2018/2019,2,30 Mar 2019,CSKA - SKA,3:1,71,0,0,0,0,0,0,0,0,0,0,0,0,0,0,-,0,0,-,11:25,15.0,0.0,0.0,0.0
https://en.khl.ru/players/18770/,Konstantin Okulov,674,Playoffs 2018/2019,2,3 Apr 2019,SKA - CSKA,3:1,71,0,0,0,0,0,0,2,0,0,0,0,0,0,4,0.0,0,0,-,14:25,21.0,0.0,0.0,0.0
https://en.khl.ru/players/18770/,Konstantin Okulov,674,Playoffs 2018/2019,2,5 Apr 2019,CSKA - SKA,3:0,71,0,0,0,0,0,0,0,0,0,0,0,0,0,1,0.0,0,0,-,13:06,18.0,0.0,1.0,0.0
https://en.khl.ru/players/18770/,Konstantin Okulov,674,Playoffs 2018/2019,2,7 Apr 2019,SKA - CSKA,3:2,71,0,1,1,-1,0,1,0,0,0,0,0,0,0,0,-,0,0,-,12:38,18.0,0.0,0.0,0.0
https://en.khl.ru/players/18770/,Konstantin Okulov,674,Playoffs 2018/2019,2,9 Apr 2019,CSKA - SKA,3:1,71,0,0,0,0,0,0,0,0,0,0,0,0,0,3,0.0,0,0,-,14:43,19.0,1.0,0.0,0.0
https://en.khl.ru/players/18770/,Konstantin Okulov,674,Playoffs 2018/2019,2,13 Apr 2019,CSKA - Avangard,5:2,71,0,0,0,0,0,0,0,0,0,0,0,0,0,3,0.0,4,3,75.0,13:47,18.0,0.0,2.0,0.0
https://en.khl.ru/players/18770/,Konstantin Okulov,674,Playoffs 2018/2019,2,15 Apr 2019,CSKA - Avangard,3:0,71,1,0,1,1,1,0,0,1,0,0,0,1,0,4,25.0,0,0,-,13:44,19.0,1.0,0.0,0.0
https://en.khl.ru/players/18770/,Konstantin Okulov,674,Playoffs 2018/2019,2,17 Apr 2019,Avangard - CSKA,0:2,71,0,0,0,0,0,0,0,0,0,0,0,0,0,2,0.0,0,0,-,11:55,18.0,0.0,0.0,0.0
https://en.khl.ru/players/18770/,Konstantin Okulov,674,Playoffs 2018/2019,2,19 Apr 2019,Avangard - CSKA,2:3 ОТ,71,1,0,1,2,2,0,0,1,0,0,0,0,0,4,25.0,1,0,0.0,18:58,24.0,0.0,0.0,0.0
https://en.khl.ru/players/18770/,Konstantin Okulov,851,Regular season 2019/2020,2,1 Sep 2019,CSKA - Avangard,1:3,71,0,1,1,1,1,0,0,0,0,0,0,0,0,2,0.0,0,0,-,15:19,21.0,0.0,0.0,0.0
https://en.khl.ru/players/18770/,Konstantin Okulov,851,Regular season 2019/2020,2,3 Sep 2019,CSKA - Ak Bars,3:2,71,0,0,0,0,0,0,0,0,0,0,0,0,0,1,0.0,0,0,-,15:57,20.0,0.0,0.0,0.0
https://en.khl.ru/players/18770/,Konstantin Okulov,851,Regular season 2019/2020,2,6 Sep 2019,CSKA - Neftekhimik,3:2 ОТ,71,0,0,0,-1,0,1,0,0,0,0,0,0,0,3,0.0,0,0,-,14:39,18.0,0.0,1.0,0.0
https://en.khl.ru/players/18770/,Konstantin Okulov,851,Regular season 2019/2020,2,9 Sep 2019,Severstal - CSKA,0:4,71,1,0,1,1,1,0,2,1,0,0,0,0,0,3,33.3,0,0,-,13:21,18.0,0.0,1.0,0.0
https://en.khl.ru/players/18770/,Konstantin Okulov,851,Regular season 2019/2020,2,11 Sep 2019,Torpedo - CSKA,2:1 ОТ,71,0,0,0,0,0,0,0,0,0,0,0,0,0,2,0.0,0,0,-,13:34,17.0,0.0,0.0,1.0
https://en.khl.ru/players/18770/,Konstantin Okulov,851,Regular season 2019/2020,2,13 Sep 2019,SKA - CSKA,0:3,71,1,0,1,0,0,0,2,0,1,0,0,0,0,1,100.0,0,0,-,12:15,20.0,0.0,0.0,0.0
https://en.khl.ru/players/18770/,Konstantin Okulov,851,Regular season 2019/2020,2,16 Sep 2019,CSKA - Lokomotiv,5:2,71,0,0,0,1,1,0,0,0,0,0,0,0,0,4,0.0,0,0,-,15:01,16.0,0.0,0.0,0.0
https://en.khl.ru/players/18770/,Konstantin Okulov,851,Regular season 2019/2020,2,19 Sep 2019,CSKA - Admiral,4:0,71,0,2,2,2,2,0,0,0,0,0,0,0,0,4,0.0,1,0,0.0,14:53,19.0,0.0,0.0,1.0
https://en.khl.ru/players/18770/,Konstantin Okulov,851,Regular season 2019/2020,2,23 Sep 2019,SKA - CSKA,2:3 Б,71,0,2,2,1,1,0,0,0,0,0,0,0,0,1,0.0,1,0,0.0,14:10,20.0,1.0,1.0,0.0
https://en.khl.ru/players/18770/,Konstantin Okulov,851,Regular season 2019/2020,2,25 Sep 2019,Jokerit - CSKA,1:5,71,1,1,2,0,1,1,0,0,1,0,0,1,0,3,33.3,1,1,100.0,13:56,18.0,0.0,0.0,0.0
https://en.khl.ru/players/18770/,Konstantin Okulov,851,Regular season 2019/2020,2,27 Sep 2019,Torpedo - CSKA,0:3,71,0,1,1,0,0,0,2,0,0,0,0,0,0,0,-,0,0,-,14:43,19.0,0.0,0.0,0.0
https://en.khl.ru/players/18770/,Konstantin Okulov,851,Regular season 2019/2020,2,1 Oct 2019,Spartak - CSKA,3:9,71,1,0,1,1,2,1,0,1,0,0,0,0,0,2,50.0,1,1,100.0,13:28,18.0,0.0,0.0,1.0
https://en.khl.ru/players/18770/,Konstantin Okulov,851,Regular season 2019/2020,2,3 Oct 2019,CSKA - Vityaz,1:2,71,0,0,0,0,0,0,0,0,0,0,0,0,0,5,0.0,0,0,-,14:55,20.0,1.0,0.0,0.0
https://en.khl.ru/players/18770/,Konstantin Okulov,851,Regular season 2019/2020,2,11 Oct 2019,Ak Bars - CSKA,2:5,71,1,1,2,1,2,1,0,1,0,0,0,0,0,4,25.0,0,0,-,10:27,17.0,0.0,0.0,0.0
https://en.khl.ru/players/18770/,Konstantin Okulov,851,Regular season 2019/2020,2,13 Oct 2019,HC Sochi - CSKA,0:2,71,0,0,0,0,0,0,0,0,0,0,0,0,0,1,0.0,0,0,-,17:16,15.0,0.0,1.0,0.0
https://en.khl.ru/players/18770/,Konstantin Okulov,851,Regular season 2019/2020,2,16 Oct 2019,Dynamo Msk - CSKA,1:2,71,0,0,0,0,0,0,0,0,0,0,0,0,0,2,0.0,11,5,45.5,13:28,20.0,0.0,2.0,0.0
https://en.khl.ru/players/18770/,Konstantin Okulov,851,Regular season 2019/2020,2,19 Oct 2019,CSKA - Traktor,3:0,71,0,0,0,0,0,0,0,0,0,0,0,0,0,2,0.0,4,3,75.0,16:20,19.0,0.0,0.0,0.0
https://en.khl.ru/players/18770/,Konstantin Okulov,851,Regular season 2019/2020,2,21 Oct 2019,CSKA - Torpedo,5:2,71,1,0,1,1,1,0,2,1,0,0,0,0,0,3,33.3,0,0,-,13:59,14.0,0.0,0.0,0.0
https://en.khl.ru/players/18770/,Konstantin Okulov,851,Regular season 2019/2020,2,24 Oct 2019,CSKA - Jokerit,0:3,71,0,0,0,-1,0,1,0,0,0,0,0,0,0,2,0.0,0,0,-,14:47,20.0,0.0,0.0,0.0
https://en.khl.ru/players/18770/,Konstantin Okulov,851,Regular season 2019/2020,2,27 Oct 2019,Avangard - CSKA,1:2 Б,71,0,0,0,-1,0,1,0,0,0,0,0,0,0,2,0.0,0,0,-,13:14,19.0,0.0,0.0,1.0
https://en.khl.ru/players/18770/,Konstantin Okulov,851,Regular season 2019/2020,2,31 Oct 2019,Sibir - CSKA,2:1,71,0,0,0,-1,0,1,0,0,0,0,0,0,0,1,0.0,0,0,-,16:25,19.0,1.0,0.0,0.0
https://en.khl.ru/players/18770/,Konstantin Okulov,851,Regular season 2019/2020,2,2 Nov 2019,Barys - CSKA,0:3,71,0,0,0,1,1,0,0,0,0,0,0,0,0,1,0.0,0,0,-,14:40,17.0,0.0,0.0,0.0
https://en.khl.ru/players/18770/,Konstantin Okulov,851,Regular season 2019/2020,2,4 Nov 2019,Neftekhimik - CSKA,4:1,71,0,0,0,-1,0,1,0,0,0,0,0,0,0,3,0.0,0,0,-,17:50,18.0,0.0,0.0,1.0
https://en.khl.ru/players/18770/,Konstantin Okulov,851,Regular season 2019/2020,2,12 Nov 2019,CSKA - Spartak,2:3 ОТ,71,0,0,0,0,0,0,0,0,0,0,0,0,0,3,0.0,0,0,-,17:48,18.0,1.0,0.0,0.0
https://en.khl.ru/players/18770/,Konstantin Okulov,851,Regular season 2019/2020,2,14 Nov 2019,CSKA - Salavat Yulaev,2:5,71,0,0,0,-1,0,1,0,0,0,0,0,0,0,3,0.0,8,4,50.0,17:37,20.0,0.0,0.0,0.0
https://en.khl.ru/players/18770/,Konstantin Okulov,851,Regular season 2019/2020,2,20 Nov 2019,Vityaz - CSKA,2:3 ОТ,71,1,0,1,1,1,0,2,1,0,0,1,1,0,5,20.0,7,3,42.9,14:30,21.0,0.0,0.0,0.0
https://en.khl.ru/players/18770/,Konstantin Okulov,851,Regular season 2019/2020,2,24 Nov 2019,Avtomobilist - CSKA,2:1,71,0,0,0,0,0,0,0,0,0,0,0,0,0,2,0.0,2,1,50.0,17:11,21.0,1.0,0.0,0.0
https://en.khl.ru/players/18770/,Konstantin Okulov,851,Regular season 2019/2020,2,26 Nov 2019,Traktor - CSKA,2:3,71,0,1,1,2,2,0,0,0,0,0,0,0,0,1,0.0,0,0,-,15:33,19.0,0.0,1.0,0.0
https://en.khl.ru/players/18770/,Konstantin Okulov,851,Regular season 2019/2020,2,28 Nov 2019,Metallurg Mg - CSKA,1:3,71,0,0,0,0,0,0,0,0,0,0,0,0,0,2,0.0,0,0,-,15:44,17.0,0.0,0.0,0.0
https://en.khl.ru/players/18770/,Konstantin Okulov,851,Regular season 2019/2020,2,2 Dec 2019,CSKA - SKA,2:4,71,0,0,0,-2,0,2,0,0,0,0,0,0,0,5,0.0,0,0,-,15:52,19.0,0.0,0.0,0.0
https://en.khl.ru/players/18770/,Konstantin Okulov,851,Regular season 2019/2020,2,4 Dec 2019,CSKA - Dynamo Msk,2:1,71,0,1,1,0,0,0,2,0,0,0,0,0,0,2,0.0,0,0,-,15:48,20.0,1.0,0.0,0.0
https://en.khl.ru/players/18770/,Konstantin Okulov,851,Regular season 2019/2020,2,8 Dec 2019,Dinamo Mn - CSKA,2:5,71,1,1,2,3,3,0,0,1,0,0,0,0,0,3,33.3,0,0,-,17:13,19.0,1.0,0.0,0.0
https://en.khl.ru/players/18770/,Konstantin Okulov,851,Regular season 2019/2020,2,17 Dec 2019,Dinamo R - CSKA,1:4,71,0,0,0,1,1,0,2,0,0,0,0,0,0,4,0.0,0,0,-,15:29,22.0,0.0,0.0,0.0
https://en.khl.ru/players/18770/,Konstantin Okulov,851,Regular season 2019/2020,2,19 Dec 2019,SKA - CSKA,0:1,71,0,0,0,0,0,0,0,0,0,0,0,0,0,1,0.0,0,0,-,12:44,19.0,0.0,0.0,0.0
https://en.khl.ru/players/18770/,Konstantin Okulov,851,Regular season 2019/2020,2,24 Dec 2019,CSKA - Metallurg Mg,3:2,71,0,1,1,0,1,1,0,0,0,0,0,0,0,3,0.0,0,0,-,13:27,18.0,0.0,0.0,0.0
https://en.khl.ru/players/18770/,Konstantin Okulov,851,Regular season 2019/2020,2,25 Dec 2019,CSKA - Dynamo Msk,0:3,71,0,0,0,-1,0,1,0,0,0,0,0,0,0,1,0.0,1,0,0.0,18:34,25.0,1.0,2.0,0.0
https://en.khl.ru/players/18770/,Konstantin Okulov,851,Regular season 2019/2020,2,28 Dec 2019,CSKA - Vityaz,3:0,71,0,1,1,1,1,0,4,0,0,0,0,0,0,1,0.0,0,0,-,13:18,17.0,0.0,0.0,0.0
https://en.khl.ru/players/18770/,Konstantin Okulov,851,Regular season 2019/2020,2,30 Dec 2019,CSKA - Lokomotiv,4:3 ОТ,71,2,1,3,2,3,1,0,2,0,0,1,1,0,6,33.3,0,0,-,11:44,17.0,0.0,1.0,0.0
https://en.khl.ru/players/18770/,Konstantin Okulov,851,Regular season 2019/2020,2,4 Jan 2020,HC Sochi - CSKA,1:7,71,1,1,2,0,0,0,0,0,1,0,0,1,0,2,50.0,0,0,-,16:23,19.0,0.0,0.0,0.0
https://en.khl.ru/players/18770/,Konstantin Okulov,851,Regular season 2019/2020,2,6 Jan 2020,Salavat Yulaev - CSKA,4:2,71,0,0,0,-1,0,1,0,0,0,0,0,0,0,4,0.0,1,0,0.0,17:08,19.0,0.0,0.0,0.0
https://en.khl.ru/players/18770/,Konstantin Okulov,851,Regular season 2019/2020,2,8 Jan 2020,Dynamo Msk - CSKA,1:4,71,1,0,1,0,1,1,0,1,0,0,0,0,0,1,100.0,0,0,-,14:02,20.0,0.0,1.0,1.0
https://en.khl.ru/players/18770/,Konstantin Okulov,851,Regular season 2019/2020,2,10 Jan 2020,CSKA - Kunlun RS,3:0,71,0,0,0,0,0,0,2,0,0,0,0,0,0,3,0.0,0,0,-,14:01,20.0,0.0,0.0,0.0
https://en.khl.ru/players/18770/,Konstantin Okulov,851,Regular season 2019/2020,2,12 Jan 2020,CSKA - Avtomobilist,2:3 Б,71,0,0,0,-1,0,1,0,0,0,0,0,0,0,3,0.0,0,0,-,14:43,18.0,0.0,0.0,0.0
https://en.khl.ru/players/18770/,Konstantin Okulov,851,Regular season 2019/2020,2,14 Jan 2020,CSKA - Dinamo Mn,5:1,71,1,1,2,2,2,0,0,1,0,0,0,0,0,3,33.3,0,0,-,15:51,18.0,0.0,0.0,0.0
https://en.khl.ru/players/18770/,Konstantin Okulov,851,Regular season 2019/2020,2,16 Jan 2020,CSKA - HC Sochi,6:1,71,2,0,2,1,2,1,0,2,0,0,0,0,0,2,100.0,1,1,100.0,10:36,13.0,0.0,1.0,0.0
https://en.khl.ru/players/18770/,Konstantin Okulov,851,Regular season 2019/2020,2,21 Jan 2020,CSKA - SKA,3:2,71,1,0,1,0,0,0,0,0,1,0,0,0,0,2,50.0,0,0,-,14:02,19.0,0.0,2.0,0.0
https://en.khl.ru/players/18770/,Konstantin Okulov,851,Regular season 2019/2020,2,23 Jan 2020,Lokomotiv - CSKA,0:3,71,0,1,1,1,1,0,0,0,0,0,0,0,0,4,0.0,0,0,-,13:25,18.0,0.0,0.0,0.0
https://en.khl.ru/players/18770/,Konstantin Okulov,851,Regular season 2019/2020,2,26 Jan 2020,CSKA - Sibir,3:0,71,0,0,0,0,0,0,2,0,0,0,0,0,0,3,0.0,0,0,-,15:06,18.0,0.0,2.0,0.0
https://en.khl.ru/players/18770/,Konstantin Okulov,851,Regular season 2019/2020,2,29 Jan 2020,Admiral - CSKA,2:5,71,0,0,0,0,0,0,0,0,0,0,0,0,0,3,0.0,0,0,-,17:22,20.0,0.0,0.0,0.0
https://en.khl.ru/players/18770/,Konstantin Okulov,851,Regular season 2019/2020,2,31 Jan 2020,Amur - CSKA,4:3,71,0,2,2,-1,1,2,0,0,0,0,0,0,0,2,0.0,0,0,-,14:02,19.0,0.0,1.0,0.0
https://en.khl.ru/players/18770/,Konstantin Okulov,851,Regular season 2019/2020,2,2 Feb 2020,Kunlun RS - CSKA,0:3,71,0,1,1,1,1,0,0,0,0,0,0,0,0,3,0.0,0,0,-,16:12,20.0,0.0,0.0,0.0
https://en.khl.ru/players/18770/,Konstantin Okulov,851,Regular season 2019/2020,2,11 Feb 2020,CSKA - Torpedo,4:1,71,0,0,0,1,1,0,0,0,0,0,0,0,0,0,-,0,0,-,12:28,18.0,0.0,1.0,1.0
https://en.khl.ru/players/18770/,Konstantin Okulov,851,Regular season 2019/2020,2,13 Feb 2020,CSKA - Barys,2:3,71,0,0,0,-1,0,1,0,0,0,0,0,0,0,5,0.0,0,0,-,14:10,17.0,0.0,1.0,0.0
https://en.khl.ru/players/18770/,Konstantin Okulov,851,Regular season 2019/2020,2,15 Feb 2020,Lokomotiv - CSKA,0:4,71,0,0,0,0,0,0,0,0,0,0,0,0,0,2,0.0,0,0,-,14:30,17.0,0.0,2.0,0.0
https://en.khl.ru/players/18770/,Konstantin Okulov,851,Regular season 2019/2020,2,21 Feb 2020,CSKA - Dinamo Mn,8:1,71,1,1,2,1,1,0,0,1,0,0,0,0,0,1,100.0,0,0,-,14:57,18.0,0.0,0.0,0.0
https://en.khl.ru/players/18770/,Konstantin Okulov,851,Regular season 2019/2020,2,25 Feb 2020,CSKA - SKA,1:4,71,0,0,0,0,0,0,0,0,0,0,0,0,0,3,0.0,0,0,-,13:27,18.0,0.0,0.0,0.0
https://en.khl.ru/players/18770/,Konstantin Okulov,854,Playoffs 2019/2020,2,4 Mar 2020,CSKA - Torpedo,3:0,71,0,0,0,0,0,0,0,0,0,0,0,0,0,1,0.0,0,0,-,13:34,17.0,0.0,0.0,0.0
https://en.khl.ru/players/18770/,Konstantin Okulov,854,Playoffs 2019/2020,2,6 Mar 2020,Torpedo - CSKA,1:2 ОТ,71,0,0,0,0,0,0,0,0,0,0,0,0,0,5,0.0,0,0,-,14:51,18.0,1.0,0.0,0.0
https://en.khl.ru/players/18770/,Konstantin Okulov,854,Playoffs 2019/2020,2,8 Mar 2020,Torpedo - CSKA,2:3 ОТ,71,0,1,1,2,2,0,0,0,0,0,0,0,0,2,0.0,0,0,-,14:57,19.0,0.0,0.0,0.0
https://en.khl.ru/players/18770/,Konstantin Okulov,1045,Regular season 2020/2021,2,2 Sep 2020,CSKA - Ak Bars,2:3 ОТ,71,0,0,0,-1,0,1,0,0,0,0,0,0,0,3,0.0,0,0,-,18:04,24.0,0.0,1.0,0.0
https://en.khl.ru/players/18770/,Konstantin Okulov,1045,Regular season 2020/2021,2,4 Sep 2020,CSKA - Sochi,3:1,71,1,0,1,1,1,0,0,1,0,0,0,0,0,3,33.3,0,0,-,14:11,19.0,0.0,0.0,0.0
https://en.khl.ru/players/18770/,Konstantin Okulov,1045,Regular season 2020/2021,2,7 Sep 2020,CSKA - Barys,3:1,71,0,1,1,1,1,0,0,0,0,0,0,0,0,0,-,0,0,-,13:38,16.0,0.0,0.0,1.0
https://en.khl.ru/players/18770/,Konstantin Okulov,1045,Regular season 2020/2021,2,10 Sep 2020,Sibir - CSKA,1:2 Б,71,0,0,0,0,0,0,0,0,0,0,0,0,0,3,0.0,0,0,-,17:43,19.0,0.0,0.0,0.0
https://en.khl.ru/players/18770/,Konstantin Okulov,1045,Regular season 2020/2021,2,12 Sep 2020,Amur - CSKA,1:5,71,1,1,2,3,4,1,0,1,0,0,0,0,0,1,100.0,0,0,-,15:00,17.0,0.0,0.0,0.0
https://en.khl.ru/players/18770/,Konstantin Okulov,1045,Regular season 2020/2021,2,14 Sep 2020,Barys - CSKA,1:2 Б,71,0,0,0,0,0,0,0,0,0,0,0,0,1,2,0.0,0,0,-,16:43,21.0,0.0,0.0,0.0
https://en.khl.ru/players/18770/,Konstantin Okulov,1045,Regular season 2020/2021,2,19 Sep 2020,CSKA - Metallurg Mg,2:4,71,0,0,0,0,0,0,0,0,0,0,0,0,0,0,-,0,0,-,11:47,18.0,0.0,0.0,0.0
https://en.khl.ru/players/18770/,Konstantin Okulov,1045,Regular season 2020/2021,2,24 Sep 2020,CSKA - Severstal,5:0,71,1,1,2,4,4,0,0,1,0,0,0,0,0,1,100.0,0,0,-,15:46,21.0,0.0,1.0,0.0
https://en.khl.ru/players/18770/,Konstantin Okulov,1045,Regular season 2020/2021,2,27 Sep 2020,Jokerit - CSKA,2:4,71,0,0,0,0,0,0,0,0,0,0,0,0,0,1,0.0,0,0,-,15:14,19.0,1.0,0.0,1.0
https://en.khl.ru/players/18770/,Konstantin Okulov,1045,Regular season 2020/2021,2,1 Oct 2020,Spartak - CSKA,4:5,71,0,0,0,0,0,0,0,0,0,0,0,0,0,4,0.0,0,0,-,16:43,21.0,0.0,0.0,2.0
https://en.khl.ru/players/18770/,Konstantin Okulov,1045,Regular season 2020/2021,2,4 Oct 2020,CSKA - Avangard,4:2,71,1,2,3,3,3,0,0,1,0,0,0,0,0,5,20.0,0,0,-,15:07,20.0,0.0,0.0,1.0
https://en.khl.ru/players/18770/,Konstantin Okulov,1045,Regular season 2020/2021,2,6 Oct 2020,CSKA - Dynamo Msk,2:0,71,0,0,0,0,0,0,0,0,0,0,0,0,0,2,0.0,0,0,-,14:00,17.0,0.0,3.0,0.0
https://en.khl.ru/players/18770/,Konstantin Okulov,1045,Regular season 2020/2021,2,10 Oct 2020,Salavat Yulaev - CSKA,2:4,71,0,1,1,1,1,0,0,0,0,0,0,0,0,1,0.0,0,0,-,14:58,17.0,0.0,0.0,0.0
https://en.khl.ru/players/18770/,Konstantin Okulov,1045,Regular season 2020/2021,2,12 Oct 2020,Metallurg Mg - CSKA,6:4,71,0,0,0,-2,0,2,0,0,0,0,0,0,0,2,0.0,0,0,-,16:52,24.0,0.0,0.0,0.0
https://en.khl.ru/players/18770/,Konstantin Okulov,1045,Regular season 2020/2021,2,16 Oct 2020,CSKA - SKA,3:1,71,2,0,2,0,0,0,0,0,2,0,0,1,0,7,28.6,0,0,-,16:02,22.0,0.0,0.0,0.0
https://en.khl.ru/players/18770/,Konstantin Okulov,1045,Regular season 2020/2021,2,18 Oct 2020,CSKA - Dynamo Msk,2:1,71,0,1,1,-1,0,1,0,0,0,0,0,0,0,6,0.0,0,0,-,18:41,23.0,0.0,0.0,0.0
https://en.khl.ru/players/18770/,Konstantin Okulov,1045,Regular season 2020/2021,2,21 Oct 2020,CSKA - Torpedo,2:3 ОТ,71,0,0,0,0,0,0,0,0,0,0,0,0,0,3,0.0,0,0,-,17:35,20.0,0.0,1.0,0.0
https://en.khl.ru/players/18770/,Konstantin Okulov,1045,Regular season 2020/2021,2,23 Oct 2020,CSKA - Dinamo Mn,5:1,71,0,1,1,0,0,0,0,0,0,0,0,0,0,1,0.0,0,0,-,13:57,17.0,0.0,0.0,0.0
https://en.khl.ru/players/18770/,Konstantin Okulov,1045,Regular season 2020/2021,2,25 Oct 2020,Kunlun RS - CSKA,2:3,71,0,2,2,-1,0,1,0,0,0,0,0,0,0,1,0.0,0,0,-,15:16,19.0,0.0,0.0,0.0
https://en.khl.ru/players/18770/,Konstantin Okulov,1045,Regular season 2020/2021,2,29 Oct 2020,Spartak - CSKA,2:3 ОТ,71,0,2,2,1,1,0,2,0,0,0,0,0,0,4,0.0,0,0,-,18:09,23.0,0.0,0.0,0.0
https://en.khl.ru/players/18770/,Konstantin Okulov,1045,Regular season 2020/2021,2,1 Nov 2020,Dynamo Msk - CSKA,4:3,71,0,1,1,-3,0,3,0,0,0,0,0,0,0,4,0.0,0,0,-,17:05,19.0,0.0,0.0,0.0
https://en.khl.ru/players/18770/,Konstantin Okulov,1045,Regular season 2020/2021,2,10 Nov 2020,CSKA - Spartak,3:4 ОТ,71,0,0,0,0,0,0,0,0,0,0,0,0,0,3,0.0,0,0,-,18:28,21.0,1.0,0.0,1.0
https://en.khl.ru/players/18770/,Konstantin Okulov,1045,Regular season 2020/2021,2,12 Nov 2020,CSKA - Salavat Yulaev,5:3,71,1,1,2,1,1,0,0,1,0,0,0,1,0,4,25.0,0,0,-,14:14,18.0,0.0,0.0,0.0
https://en.khl.ru/players/18770/,Konstantin Okulov,1045,Regular season 2020/2021,2,14 Nov 2020,CSKA - Sochi,7:0,71,1,0,1,2,2,0,0,1,0,0,0,1,0,2,50.0,1,0,0.0,15:14,20.0,0.0,1.0,0.0
https://en.khl.ru/players/18770/,Konstantin Okulov,1045,Regular season 2020/2021,2,16 Nov 2020,CSKA - Lokomotiv,3:1,71,0,1,1,0,1,1,0,0,0,0,0,0,0,0,-,0,0,-,14:52,20.0,0.0,1.0,0.0
https://en.khl.ru/players/18770/,Konstantin Okulov,1045,Regular season 2020/2021,2,21 Nov 2020,Dinamo Mn - CSKA,1:5,71,1,0,1,-1,0,1,0,0,1,0,0,0,0,2,50.0,0,0,-,14:27,17.0,0.0,0.0,0.0
https://en.khl.ru/players/18770/,Konstantin Okulov,1045,Regular season 2020/2021,2,23 Nov 2020,CSKA - Sibir,1:5,71,0,1,1,0,1,1,0,0,0,0,0,0,0,4,0.0,0,0,-,15:05,15.0,0.0,0.0,0.0
https://en.khl.ru/players/18770/,Konstantin Okulov,1045,Regular season 2020/2021,2,26 Nov 2020,Sochi - CSKA,1:4,71,0,0,0,-1,0,1,0,0,0,0,0,0,0,0,-,0,0,-,15:14,17.0,0.0,0.0,0.0
https://en.khl.ru/players/18770/,Konstantin Okulov,1045,Regular season 2020/2021,2,28 Nov 2020,Avtomobilist - CSKA,1:5,71,0,2,2,3,3,0,0,0,0,0,0,0,0,3,0.0,0,0,-,12:54,17.0,0.0,0.0,0.0
https://en.khl.ru/players/18770/,Konstantin Okulov,1045,Regular season 2020/2021,2,1 Dec 2020,CSKA - Kunlun RS,3:2 ОТ,71,0,1,1,0,0,0,0,0,0,0,0,0,0,1,0.0,0,0,-,16:48,19.0,0.0,0.0,1.0
https://en.khl.ru/players/18770/,Konstantin Okulov,1045,Regular season 2020/2021,2,3 Dec 2020,CSKA - Dinamo Mn,2:4,71,0,1,1,-1,1,2,0,0,0,0,0,0,0,2,0.0,5,2,40.0,13:07,17.0,0.0,0.0,2.0
https://en.khl.ru/players/18770/,Konstantin Okulov,1045,Regular season 2020/2021,2,8 Dec 2020,Torpedo - CSKA,1:2,71,1,0,1,0,1,1,0,1,0,0,0,1,0,4,25.0,0,0,-,14:58,18.0,0.0,0.0,1.0
https://en.khl.ru/players/18770/,Konstantin Okulov,1045,Regular season 2020/2021,2,10 Dec 2020,Avangard - CSKA,1:4,71,0,1,1,1,1,0,0,0,0,0,0,0,0,2,0.0,0,0,-,14:02,19.0,0.0,0.0,0.0
https://en.khl.ru/players/18770/,Konstantin Okulov,1045,Regular season 2020/2021,2,12 Dec 2020,CSKA - Lokomotiv,3:2,71,0,0,0,-2,0,2,0,0,0,0,0,0,0,0,-,0,0,-,17:50,21.0,0.0,0.0,0.0
https://en.khl.ru/players/18770/,Konstantin Okulov,1045,Regular season 2020/2021,2,22 Dec 2020,SKA - CSKA,4:3 Б,71,1,0,1,2,2,0,0,1,0,0,0,0,0,3,33.3,0,0,-,19:40,23.0,1.0,1.0,1.0
https://en.khl.ru/players/18770/,Konstantin Okulov,1045,Regular season 2020/2021,2,27 Dec 2020,Vityaz - CSKA,2:1,71,1,0,1,-1,0,1,0,0,1,0,0,0,0,3,33.3,0,0,-,15:32,20.0,1.0,1.0,0.0
https://en.khl.ru/players/18770/,Konstantin Okulov,1045,Regular season 2020/2021,2,3 Jan 2021,CSKA - Jokerit,5:4 ОТ,71,0,1,1,1,1,0,0,0,0,0,0,0,0,2,0.0,0,0,-,18:24,22.0,0.0,0.0,0.0
https://en.khl.ru/players/18770/,Konstantin Okulov,1045,Regular season 2020/2021,2,5 Jan 2021,CSKA - Avtomobilist,1:2 Б,71,0,0,0,-1,0,1,0,0,0,0,0,0,0,2,0.0,0,0,-,19:23,23.0,0.0,0.0,1.0
https://en.khl.ru/players/18770/,Konstantin Okulov,1045,Regular season 2020/2021,2,8 Jan 2021,CSKA - Neftekhimik,6:1,71,0,0,0,-1,0,1,0,0,0,0,0,0,0,2,0.0,0,0,-,15:32,18.0,0.0,0.0,1.0
https://en.khl.ru/players/18770/,Konstantin Okulov,1045,Regular season 2020/2021,2,10 Jan 2021,SKA - CSKA,2:3 ОТ,71,1,1,2,1,2,1,0,1,0,0,1,1,0,1,100.0,0,0,-,15:06,21.0,1.0,0.0,0.0
https://en.khl.ru/players/18770/,Konstantin Okulov,1045,Regular season 2020/2021,2,12 Jan 2021,Dinamo R - CSKA,1:7,71,0,3,3,3,3,0,0,0,0,0,0,0,0,0,-,0,0,-,16:12,18.0,0.0,0.0,0.0
https://en.khl.ru/players/18770/,Konstantin Okulov,1045,Regular season 2020/2021,2,14 Jan 2021,Lokomotiv - CSKA,3:0,71,0,0,0,0,0,0,0,0,0,0,0,0,0,1,0.0,0,0,-,20:05,23.0,0.0,0.0,0.0
https://en.khl.ru/players/18770/,Konstantin Okulov,1045,Regular season 2020/2021,2,17 Jan 2021,CSKA - SKA,3:1,71,1,0,1,0,0,0,0,0,1,0,0,1,0,3,33.3,0,0,-,16:33,21.0,0.0,0.0,0.0
https://en.khl.ru/players/18770/,Konstantin Okulov,1045,Regular season 2020/2021,2,19 Jan 2021,CSKA - Spartak,2:1,71,0,0,0,0,0,0,0,0,0,0,0,0,0,3,0.0,0,0,-,14:15,20.0,0.0,0.0,0.0
https://en.khl.ru/players/18770/,Konstantin Okulov,1045,Regular season 2020/2021,2,23 Jan 2021,CSKA - Jokerit,1:3,71,0,0,0,-1,0,1,0,0,0,0,0,0,0,4,0.0,0,0,-,17:15,20.0,0.0,0.0,0.0
https://en.khl.ru/players/18770/,Konstantin Okulov,1045,Regular season 2020/2021,2,27 Jan 2021,Dynamo Msk - CSKA,4:1,71,1,0,1,-1,1,2,0,1,0,0,0,0,0,2,50.0,0,0,-,16:09,21.0,0.0,0.0,0.0
https://en.khl.ru/players/18770/,Konstantin Okulov,1045,Regular season 2020/2021,2,29 Jan 2021,Dinamo Mn - CSKA,2:4,71,2,0,2,2,2,0,0,2,0,0,0,0,0,4,50.0,1,0,0.0,15:10,20.0,0.0,1.0,0.0
https://en.khl.ru/players/18770/,Konstantin Okulov,1045,Regular season 2020/2021,2,2 Feb 2021,CSKA - Dinamo R,4:3 ОТ,71,1,1,2,0,1,1,0,0,1,0,0,0,0,4,25.0,1,0,0.0,17:04,21.0,0.0,0.0,0.0
https://en.khl.ru/players/18770/,Konstantin Okulov,1045,Regular season 2020/2021,2,5 Feb 2021,Sochi - CSKA,0:2,71,0,0,0,1,1,0,0,0,0,0,0,0,0,1,0.0,0,0,-,15:19,19.0,0.0,0.0,0.0
https://en.khl.ru/players/18770/,Konstantin Okulov,1045,Regular season 2020/2021,2,7 Feb 2021,Traktor - CSKA,2:3 Б,71,0,0,0,-1,0,1,0,0,0,0,0,0,0,2,0.0,0,0,-,18:20,23.0,0.0,1.0,0.0
https://en.khl.ru/players/18770/,Konstantin Okulov,1045,Regular season 2020/2021,2,16 Feb 2021,CSKA - Vityaz,3:1,71,0,1,1,1,1,0,0,0,0,0,0,0,0,0,-,0,0,-,18:38,20.0,0.0,1.0,0.0
https://en.khl.ru/players/18770/,Konstantin Okulov,1045,Regular season 2020/2021,2,18 Feb 2021,CSKA - Traktor,1:2,71,0,1,1,0,1,1,2,0,0,0,0,0,0,0,-,0,0,-,16:52,23.0,0.0,0.0,0.0
https://en.khl.ru/players/18770/,Konstantin Okulov,1045,Regular season 2020/2021,2,23 Feb 2021,Severstal - CSKA,0:3,71,0,1,1,1,1,0,2,0,0,0,0,0,0,4,0.0,0,0,-,14:46,22.0,0.0,0.0,0.0
https://en.khl.ru/players/18770/,Konstantin Okulov,1045,Regular season 2020/2021,2,25 Feb 2021,Lokomotiv - CSKA,2:3 Б,71,0,1,1,0,1,1,0,0,0,0,0,0,0,5,0.0,1,0,0.0,17:05,24.0,0.0,0.0,0.0
https://en.khl.ru/players/18770/,Konstantin Okulov,1045,Regular season 2020/2021,2,27 Feb 2021,Ak Bars - CSKA,0:1,71,0,0,0,0,0,0,0,0,0,0,0,0,0,2,0.0,0,0,-,12:46,20.0,0.0,0.0,0.0
https://en.khl.ru/players/18770/,Konstantin Okulov,1046,Playoffs 2020/2021,2,3 Mar 2021,CSKA - Spartak,1:0 ОТ,71,0,1,1,1,1,0,0,0,0,0,0,0,0,7,0.0,0,0,-,20:53,25.0,1.0,0.0,0.0
https://en.khl.ru/players/18770/,Konstantin Okulov,1046,Playoffs 2020/2021,2,5 Mar 2021,CSKA - Spartak,5:1,71,0,2,2,2,2,0,0,0,0,0,0,0,0,2,0.0,0,0,-,14:46,22.0,1.0,2.0,1.0
https://en.khl.ru/players/18770/,Konstantin Okulov,1046,Playoffs 2020/2021,2,7 Mar 2021,Spartak - CSKA,0:3,71,0,1,1,0,0,0,0,0,0,0,0,0,0,0,-,0,0,-,16:23,20.0,0.0,0.0,0.0
https://en.khl.ru/players/18770/,Konstantin Okulov,1046,Playoffs 2020/2021,2,9 Mar 2021,Spartak - CSKA,1:3,71,0,0,0,0,0,0,0,0,0,0,0,0,0,0,-,0,0,-,15:19,21.0,0.0,0.0,0.0
https://en.khl.ru/players/18770/,Konstantin Okulov,1046,Playoffs 2020/2021,2,17 Mar 2021,CSKA - Lokomotiv,0:2,71,0,0,0,-1,0,1,0,0,0,0,0,0,0,1,0.0,0,0,-,17:46,24.0,0.0,0.0,0.0
https://en.khl.ru/players/18770/,Konstantin Okulov,1046,Playoffs 2020/2021,2,19 Mar 2021,CSKA - Lokomotiv,4:1,71,0,1,1,1,1,0,0,0,0,0,0,0,0,5,0.0,0,0,-,15:14,22.0,0.0,0.0,0.0
https://en.khl.ru/players/18770/,Konstantin Okulov,1046,Playoffs 2020/2021,2,21 Mar 2021,Lokomotiv - CSKA,1:2 ОТ,71,1,0,1,1,1,0,0,1,0,0,0,0,0,2,50.0,1,0,0.0,16:27,23.0,1.0,0.0,0.0
https://en.khl.ru/players/18770/,Konstantin Okulov,1046,Playoffs 2020/2021,2,23 Mar 2021,Lokomotiv - CSKA,3:0,71,0,0,0,-1,0,1,0,0,0,0,0,0,0,1,0.0,0,0,-,16:02,22.0,1.0,0.0,1.0
https://en.khl.ru/players/18770/,Konstantin Okulov,1046,Playoffs 2020/2021,2,25 Mar 2021,CSKA - Lokomotiv,3:2,71,1,2,3,3,3,0,0,1,0,0,0,0,0,3,33.3,0,0,-,17:43,21.0,0.0,0.0,0.0
https://en.khl.ru/players/18770/,Konstantin Okulov,1046,Playoffs 2020/2021,2,27 Mar 2021,Lokomotiv - CSKA,2:1 ОТ,71,1,0,1,-1,0,1,0,0,1,0,0,0,0,3,33.3,0,0,-,14:20,23.0,1.0,0.0,0.0
https://en.khl.ru/players/18770/,Konstantin Okulov,1046,Playoffs 2020/2021,2,29 Mar 2021,CSKA - Lokomotiv,2:0,71,0,1,1,1,1,0,0,0,0,0,0,0,0,1,0.0,0,0,-,15:15,25.0,0.0,0.0,0.0
https://en.khl.ru/players/18770/,Konstantin Okulov,1046,Playoffs 2020/2021,2,2 Apr 2021,CSKA - SKA,3:0,71,0,1,1,1,1,0,0,0,0,0,0,0,0,2,0.0,0,0,-,15:18,20.0,0.0,0.0,0.0
https://en.khl.ru/players/18770/,Konstantin Okulov,1046,Playoffs 2020/2021,2,4 Apr 2021,CSKA - SKA,2:0,71,1,1,2,2,2,0,0,1,0,0,0,0,0,1,100.0,0,0,-,13:19,19.0,0.0,0.0,0.0
https://en.khl.ru/players/18770/,Konstantin Okulov,1046,Playoffs 2020/2021,2,6 Apr 2021,SKA - CSKA,2:5,71,1,1,2,1,2,1,0,1,0,0,0,0,0,2,50.0,0,0,-,14:43,22.0,0.0,0.0,0.0
https://en.khl.ru/players/18770/,Konstantin Okulov,1046,Playoffs 2020/2021,2,8 Apr 2021,SKA - CSKA,3:1,71,0,0,0,0,1,1,0,0,0,0,0,0,0,1,0.0,0,0,-,16:08,24.0,0.0,0.0,0.0
https://en.khl.ru/players/18770/,Konstantin Okulov,1046,Playoffs 2020/2021,2,10 Apr 2021,CSKA - SKA,2:3 ОТ,71,0,0,0,0,1,1,0,0,0,0,0,0,0,2,0.0,1,0,0.0,32:08,44.0,0.0,0.0,0.0
https://en.khl.ru/players/18770/,Konstantin Okulov,1046,Playoffs 2020/2021,2,12 Apr 2021,SKA - CSKA,0:2,71,0,0,0,0,0,0,0,0,0,0,0,0,0,3,0.0,0,0,-,13:26,19.0,0.0,0.0,1.0
https://en.khl.ru/players/18770/,Konstantin Okulov,1046,Playoffs 2020/2021,2,18 Apr 2021,CSKA - Avangard,1:4,71,0,0,0,-1,0,1,0,0,0,0,0,0,0,1,0.0,0,0,-,17:52,25.0,0.0,1.0,1.0
https://en.khl.ru/players/18770/,Konstantin Okulov,1046,Playoffs 2020/2021,2,20 Apr 2021,CSKA - Avangard,3:0,71,0,1,1,1,1,0,0,0,0,0,0,0,0,3,0.0,0,0,-,17:46,22.0,1.0,1.0,1.0
https://en.khl.ru/players/18770/,Konstantin Okulov,1046,Playoffs 2020/2021,2,22 Apr 2021,Avangard - CSKA,1:2,71,1,1,2,2,2,0,0,1,0,0,0,0,0,6,16.7,0,0,-,11:47,21.0,0.0,0.0,1.0
https://en.khl.ru/players/18770/,Konstantin Okulov,1046,Playoffs 2020/2021,2,24 Apr 2021,Avangard - CSKA,4:3 ОТ,71,0,1,1,-1,0,1,2,0,0,0,0,0,0,5,0.0,1,0,0.0,17:55,27.0,0.0,0.0,1.0
https://en.khl.ru/players/18770/,Konstantin Okulov,1046,Playoffs 2020/2021,2,26 Apr 2021,CSKA - Avangard,0:2,71,0,0,0,-1,0,1,0,0,0,0,0,0,0,5,0.0,0,0,-,18:16,23.0,0.0,0.0,0.0
https://en.khl.ru/players/18770/,Konstantin Okulov,1046,Playoffs 2020/2021,2,28 Apr 2021,Avangard - CSKA,1:0,71,0,0,0,0,0,0,0,0,0,0,0,0,0,5,0.0,0,0,-,19:44,24.0,1.0,1.0,1.0
